Test-ID|Average|Prototype|5.0%|95.0%|E
G-3.232|2.00e-06|2.20e-05|1.37e-06|2.93e-06|0.0009
F-25.17|1.39e-05|1.39e-05|3.83e-06|4.81e-05|0.0000
E-15.228|9.74e-08|3.41e-07|3.23e-09|6.10e-06|0.0003
F-33.36|8.81e-07|8.81e-07|1.71e-07|4.40e-06|0.0000
F-31.5|4.27e-06|4.27e-06|1.47e-06|1.25e-05|0.0000
G-15.150|8.51e-05|8.51e-05|5.91e-05|1.23e-04|0.0000
B-10.11|2.69e-06|2.96e-05|1.39e-06|5.19e-06|0.0007
G-2.147|8.25e-06|9.08e-05|5.83e-06|1.18e-05|0.0000
G-2.76|2.82e-07|3.10e-06|1.50e-07|4.89e-07|0.0014
E-48.83|3.44e-04|3.44e-04|4.48e-05|2.75e-03|0.0015
E-15.620|7.31e-06|2.56e-05|4.89e-07|7.96e-05|0.0028
A-36.18|3.45e-07|3.80e-06|5.85e-08|2.03e-06|0.0051
A-41.56|3.37e-06|1.05e-04|3.72e-08|2.38e-04|0.0676
A-41.150|3.91e-06|1.21e-04|7.00e-08|1.67e-04|0.0043
D-29.3|4.44e-04|4.44e-04|2.44e-04|8.04e-04|0.0001
F-47.2|2.81e-06|2.81e-06|9.54e-07|8.62e-06|0.0000
G-24.32|1.65e-06|1.65e-06|7.94e-09|2.86e-04|0.1797
A-38.2|8.06e-08|1.09e-06|1.58e-08|4.94e-07|0.0000
E-15.392|1.16e-05|4.07e-05|1.34e-06|9.40e-05|0.0000
F-33.64|8.17e-07|8.17e-07|1.19e-07|5.08e-06|0.0000
G-2.13|6.93e-05|3.02e-04|5.10e-05|9.66e-05|0.0280
F-38.17|1.00e-06|1.00e-06|4.13e-07|2.42e-06|0.0047
D-21.31|3.43e-05|3.43e-05|1.24e-05|9.79e-05|0.0000
D-32.54|2.15e-04|2.15e-04|2.42e-05|2.24e-03|0.0000
D-32.52|3.09e-05|3.09e-05|5.79e-06|1.92e-04|0.0000
A-39.59|3.20e-04|4.91e-04|1.92e-04|5.14e-04|0.0583
D-32.68|5.70e-06|5.70e-06|2.08e-06|1.42e-05|0.0438
E-48.44|7.50e-04|7.50e-04|3.37e-04|1.70e-03|0.0000
F-11.36|3.78e-03|3.78e-03|1.80e-03|8.01e-03|0.4092
A-35.211|2.91e-05|2.47e-04|1.64e-05|4.92e-05|0.0000
A-38.68|1.66e-05|1.83e-04|7.63e-06|3.48e-05|0.0000
E-15.629|1.98e-06|6.94e-06|1.26e-07|2.80e-05|0.0007
E-15.281|6.70e-06|2.35e-05|2.09e-07|2.18e-04|0.0000
D-45.65|9.29e-04|9.29e-04|5.85e-04|1.44e-03|0.0013
D-43.253|9.88e-03|9.88e-03|7.76e-03|1.24e-02|0.1992
F-21.46|1.48e-03|1.48e-03|9.24e-04|2.29e-03|0.0000
D-9.63|9.71e-06|9.71e-06|3.53e-06|2.53e-05|0.0000
C-30.9|1.45e-06|1.60e-05|2.57e-07|7.26e-06|0.0000
A-42.20|7.15e-06|3.10e-05|2.89e-06|1.50e-05|0.0001
F-28.40|3.42e-05|3.42e-05|1.63e-05|6.86e-05|0.0002
E-15.90|7.48e-07|2.62e-06|3.21e-08|1.46e-05|0.0000
G-4.59|3.11e-05|2.51e-04|2.24e-05|4.16e-05|0.0000
E-15.305|5.41e-06|1.89e-05|5.26e-07|4.53e-05|0.0000
E-20.110|2.49e-06|2.49e-06|4.41e-07|1.10e-05|0.0000
A-35.29|7.88e-04|8.81e-04|4.60e-04|1.24e-03|0.0001
C-9.4|8.67e-05|3.18e-04|5.33e-05|1.44e-04|0.0027
D-22.207|3.94e-03|3.94e-03|1.87e-03|8.53e-03|0.0270
D-22.85|3.27e-04|3.27e-04|1.43e-04|7.02e-04|0.0000
E-15.481|3.33e-07|1.16e-06|5.63e-08|1.96e-06|0.0023
E-20.59|1.87e-06|1.87e-06|3.13e-07|1.12e-05|0.0001
A-41.70|1.24e-06|3.85e-05|1.71e-08|6.50e-05|0.0026
D-31.11|5.37e-05|5.37e-05|2.31e-05|1.26e-04|0.0221
E-15.460|1.59e-06|5.58e-06|1.39e-07|1.72e-05|0.0000
A-34.172|1.28e-03|1.28e-03|1.74e-04|1.01e-02|0.0035
D-37.13|3.48e-04|3.48e-04|1.71e-04|7.05e-04|0.0000
E-7.21|1.08e-05|1.08e-05|4.71e-06|2.20e-05|0.0056
G-26.47|1.98e-07|1.19e-06|9.08e-09|7.69e-06|0.0001
E-31.52|3.05e-05|2.50e-04|6.63e-06|1.22e-04|0.0013
D-45.4|1.49e-04|1.49e-04|7.50e-05|2.60e-04|0.0000
F-33.4|5.99e-07|5.99e-07|2.53e-08|1.88e-05|0.0261
E-41.2|2.05e-07|7.19e-07|5.52e-08|7.91e-07|0.0135
G-2.156|2.22e-06|2.44e-05|1.46e-06|3.46e-06|0.0001
D-20.97|2.35e-05|2.35e-05|1.22e-05|4.91e-05|0.0000
A-2.38|3.38e-07|3.72e-06|1.18e-07|9.91e-07|0.0018
B-9.16|1.21e-04|3.45e-04|1.06e-05|1.14e-03|0.0000
E-15.172|5.88e-07|2.06e-06|3.57e-08|9.00e-06|0.0001
D-32.14|1.88e-04|1.88e-04|4.74e-05|7.37e-04|0.0265
D-37.28|2.33e-03|2.33e-03|9.74e-04|5.74e-03|0.0000
D-30.32|1.09e-04|1.09e-04|7.33e-05|1.62e-04|0.0000
G-2.289|9.04e-07|9.95e-06|6.10e-07|1.38e-06|0.0003
E-15.180|4.06e-06|1.42e-05|3.80e-07|3.63e-05|0.0011
F-12.47|1.62e-03|1.62e-03|9.76e-04|2.63e-03|0.3864
A-41.13|1.62e-07|5.01e-06|4.85e-09|7.09e-06|0.0070
A-39.12|4.11e-05|2.46e-04|2.42e-05|6.63e-05|0.0021
A-41.7|4.33e-08|1.34e-06|3.67e-09|3.10e-06|0.0367
F-38.89|1.66e-04|1.66e-04|1.04e-04|2.81e-04|0.0007
E-15.567|5.78e-08|2.02e-07|4.60e-09|1.64e-06|0.0001
C-27.23|7.17e-05|3.04e-04|3.17e-05|1.57e-04|0.0003
E-15.325|2.94e-07|1.03e-06|9.91e-09|4.73e-06|0.0000
D-44.49|1.21e-04|1.21e-04|5.46e-05|2.64e-04|0.0000
G-15.125|4.33e-04|4.33e-04|2.93e-04|6.49e-04|0.0000
E-20.174|7.27e-06|7.27e-06|2.90e-06|1.88e-05|0.0000
F-33.8|1.74e-06|1.74e-06|3.50e-07|8.32e-06|0.0034
G-22.15|1.76e-07|1.94e-06|1.59e-08|2.71e-06|0.0002
A-35.72|2.14e-04|4.12e-04|1.35e-04|3.24e-04|0.0002
F-38.184|2.52e-05|2.52e-05|1.22e-05|5.38e-05|0.0019
C-40.1|3.77e-07|1.63e-06|8.75e-08|1.49e-06|0.0000
G-2.27|2.19e-05|2.30e-04|1.63e-05|3.02e-05|0.0177
E-15.505|1.04e-05|3.63e-05|7.76e-07|1.47e-04|0.0001
F-47.8|1.06e-04|1.06e-04|4.42e-05|2.54e-04|0.0000
F-31.3|2.37e-06|2.37e-06|7.47e-07|7.79e-06|0.0000
E-15.223|1.24e-06|4.33e-06|6.78e-08|1.79e-05|0.0011
G-2.205|1.76e-07|1.94e-06|9.08e-08|3.41e-07|0.0641
G-15.173|1.13e-04|1.13e-04|7.21e-05|1.67e-04|0.0007
G-2.287|2.62e-06|2.89e-05|1.76e-06|3.88e-06|0.0000
D-43.102|8.58e-03|8.58e-03|6.99e-03|1.06e-02|0.0587
D-43.346|6.81e-04|6.81e-04|4.78e-04|9.87e-04|0.0158
G-2.208|9.84e-06|1.08e-04|5.65e-06|1.59e-05|0.0075
F-25.26|3.82e-06|3.82e-06|1.21e-06|9.57e-06|0.0000
D-43.138|1.65e-03|1.65e-03|1.10e-03|2.38e-03|0.0006
A-39.60|4.64e-04|6.04e-04|2.89e-04|7.50e-04|0.0622
E-15.13|3.31e-06|1.16e-05|1.35e-07|6.74e-05|0.0002
F-13.9|3.89e-05|3.89e-05|1.99e-05|8.20e-05|0.0000
D-37.7|3.44e-04|3.44e-04|1.87e-04|5.81e-04|0.0000
C-26.24|2.29e-05|9.93e-05|1.28e-05|4.10e-05|0.0000
G-10.2|1.39e-05|8.32e-05|4.60e-06|3.82e-05|0.1068
A-35.140|3.87e-05|2.65e-04|2.49e-05|5.68e-05|0.0016
D-26.76|7.96e-04|7.96e-04|5.50e-04|1.13e-03|0.0000
C-40.4|2.27e-05|9.82e-05|9.99e-06|5.24e-05|0.0000
D-3.1|2.13e-04|2.13e-04|1.28e-04|3.61e-04|0.0000
D-32.71|4.71e-06|4.71e-06|2.20e-06|9.89e-06|0.0264
D-5.7|6.40e-05|6.40e-05|4.48e-05|9.01e-05|0.0000
F-5.8|4.73e-05|4.73e-05|2.04e-05|9.28e-05|0.0000
E-20.132|4.03e-06|4.03e-06|6.52e-07|2.26e-05|0.1415
G-2.15|7.17e-06|7.89e-05|5.61e-06|9.88e-06|0.0005
G-4.51|5.40e-05|2.85e-04|4.03e-05|7.45e-05|0.0010
E-15.404|3.23e-06|1.13e-05|2.85e-07|3.88e-05|0.0000
E-15.609|3.52e-07|1.23e-06|1.75e-08|7.55e-06|0.0001
C-6.14|1.95e-06|1.17e-05|9.82e-07|3.87e-06|0.0003
E-15.230|3.62e-07|1.27e-06|4.11e-09|1.94e-05|0.0000
F-31.6|3.44e-06|3.44e-06|9.46e-07|1.23e-05|0.0000
D-37.16|4.63e-04|4.63e-04|1.63e-04|1.27e-03|0.0000
G-2.24|1.73e-07|1.90e-06|9.55e-08|3.23e-07|0.0000
D-22.15|8.30e-05|8.30e-05|2.15e-05|3.68e-04|0.0000
D-45.94|3.41e-04|3.41e-04|1.55e-04|7.88e-04|0.0000
E-7.72|3.60e-06|3.60e-06|1.68e-06|7.88e-06|0.0512
G-22.6|5.24e-06|5.76e-05|4.17e-07|6.68e-05|0.0021
D-25.8|2.85e-03|2.85e-03|1.77e-03|4.83e-03|0.0000
C-15.7|2.87e-06|1.72e-05|9.90e-07|8.24e-06|0.0198
G-3.90|1.02e-06|1.12e-05|6.93e-07|1.49e-06|0.0000
A-2.5|2.31e-05|1.38e-04|1.33e-05|4.33e-05|0.0068
F-11.58|3.26e-03|3.26e-03|1.86e-03|5.80e-03|0.4133
F-5.6|6.90e-04|6.90e-04|3.38e-04|1.33e-03|0.0000
D-43.120|6.01e-03|6.01e-03|4.51e-03|8.20e-03|0.0071
E-20.34|3.63e-03|3.63e-03|9.49e-05|1.19e-01|0.0000
F-11.12|1.18e-03|1.18e-03|3.99e-04|3.47e-03|0.1765
E-15.509|3.55e-06|1.24e-05|2.37e-07|4.76e-05|0.0000
D-43.235|7.00e-04|7.00e-04|4.53e-04|1.02e-03|0.0000
D-43.234|3.64e-05|3.64e-05|2.25e-05|5.96e-05|0.0028
F-32.18|6.63e-06|6.63e-06|2.46e-06|1.78e-05|0.0000
G-2.133|1.29e-07|1.42e-06|7.85e-08|2.14e-07|0.0003
D-42.45|1.00e-03|1.00e-03|3.56e-04|2.85e-03|0.0201
E-24.2|1.56e-06|7.82e-06|1.47e-07|1.74e-05|0.1189
G-2.302|4.78e-07|5.26e-06|3.23e-07|7.03e-07|0.0001
D-22.87|4.11e-04|4.11e-04|1.71e-04|9.63e-04|0.0000
F-32.29|1.61e-06|1.61e-06|4.67e-07|5.46e-06|0.0000
D-26.13|2.42e-04|2.42e-04|1.37e-04|4.13e-04|0.0549
G-15.172|2.72e-04|2.72e-04|1.81e-04|3.96e-04|0.0019
G-2.129|3.67e-07|4.04e-06|2.62e-07|5.29e-07|0.0000
F-36.7|3.15e-06|3.15e-06|1.68e-06|5.73e-06|0.0068
F-15.12|8.19e-04|9.08e-04|6.66e-05|9.50e-03|0.0000
F-21.61|2.47e-04|2.47e-04|1.69e-04|3.70e-04|0.0015
F-21.39|2.03e-05|2.03e-05|9.72e-06|3.90e-05|0.0000
E-47.48|1.42e-06|1.42e-06|4.56e-09|1.93e-03|0.0002
E-7.12|1.20e-04|1.20e-04|7.04e-05|2.03e-04|0.0099
E-48.20|1.13e-04|1.13e-04|5.87e-05|2.14e-04|0.0000
D-45.64|4.71e-03|4.71e-03|3.19e-03|6.31e-03|0.0000
E-15.660|3.04e-06|1.06e-05|2.30e-07|3.89e-05|0.0000
A-34.101|5.65e-03|5.65e-03|8.55e-04|4.15e-02|0.0000
A-35.5|1.30e-05|1.43e-04|8.30e-06|2.09e-05|0.0041
E-15.555|2.80e-06|9.81e-06|1.86e-07|3.94e-05|0.0000
D-1.10|1.83e-04|1.83e-04|9.20e-05|3.28e-04|0.0000
D-9.13|7.13e-06|7.13e-06|2.97e-06|1.60e-05|0.0000
E-15.181|5.67e-06|1.99e-05|6.28e-07|4.03e-05|0.0011
A-39.90|9.43e-07|5.66e-06|3.36e-07|2.53e-06|0.0038
G-3.96|1.40e-05|1.54e-04|9.83e-06|2.02e-05|0.0000
F-48.2|3.48e-04|3.48e-04|1.62e-04|7.57e-04|0.0144
E-15.611|2.18e-06|7.62e-06|1.27e-07|3.34e-05|0.0000
E-15.176|3.52e-08|1.23e-07|2.56e-09|8.20e-07|0.0275
G-2.34|1.22e-06|1.34e-05|6.32e-07|2.05e-06|0.0032
C-15.2|7.09e-07|4.25e-06|2.26e-07|2.31e-06|0.0516
D-43.123|7.47e-03|7.47e-03|5.13e-03|1.05e-02|0.1567
D-20.112|1.31e-04|1.31e-04|5.90e-05|2.55e-04|0.0000
G-15.167|1.67e-04|1.67e-04|1.15e-04|2.36e-04|0.0000
A-3.10|1.84e-05|2.02e-04|1.46e-05|2.30e-05|0.0042
G-3.245|2.56e-07|2.82e-06|1.45e-07|4.42e-07|0.0023
G-15.99|8.38e-07|8.38e-07|3.79e-07|2.04e-06|0.3078
F-38.143|3.17e-06|3.17e-06|1.82e-06|5.43e-06|0.0000
A-39.46|5.45e-05|2.86e-04|3.22e-05|8.79e-05|0.0188
A-39.145|2.10e-05|1.26e-04|1.05e-05|3.94e-05|0.0013
D-20.88|3.64e-05|3.64e-05|1.57e-05|7.87e-05|0.0000
E-37.5|6.59e-07|1.38e-05|4.90e-09|8.76e-05|0.0361
C-27.17|1.50e-04|3.66e-04|6.71e-05|3.13e-04|0.0007
G-3.223|6.51e-05|2.97e-04|3.33e-05|1.12e-04|0.0447
F-25.14|5.60e-05|5.60e-05|1.87e-05|1.56e-04|0.0000
E-15.29|2.25e-07|7.88e-07|3.19e-09|1.38e-05|0.0778
A-41.28|3.52e-07|1.09e-05|3.45e-09|2.97e-05|0.1035
D-45.99|5.59e-04|5.59e-04|1.66e-04|2.01e-03|0.0000
C-8.13|5.40e-07|3.24e-06|1.89e-07|1.37e-06|0.0018
E-15.37|2.40e-06|8.41e-06|7.56e-08|6.29e-05|0.0000
F-12.44|9.95e-03|9.95e-03|4.63e-03|2.11e-02|1.0100
D-21.11|6.05e-04|6.05e-04|2.00e-04|1.55e-03|0.0056
G-3.225|1.64e-05|1.80e-04|7.93e-06|3.24e-05|0.0050
D-45.77|3.24e-03|3.24e-03|2.22e-03|4.45e-03|0.0000
D-22.120|3.94e-03|3.94e-03|1.78e-03|9.51e-03|0.0000
E-15.430|2.21e-06|7.75e-06|1.17e-07|3.46e-05|0.0002
D-9.44|2.10e-05|2.10e-05|9.79e-06|4.31e-05|0.0000
E-20.74|6.02e-06|6.02e-06|1.05e-06|2.99e-05|0.0567
D-26.23|3.33e-04|3.33e-04|1.63e-04|6.16e-04|0.0000
D-20.83|5.56e-06|5.56e-06|1.97e-06|1.54e-05|0.0000
F-33.48|3.01e-07|3.01e-07|2.18e-09|4.88e-05|0.0017
E-15.349|1.65e-06|5.77e-06|4.11e-08|4.62e-05|0.0017
G-3.182|2.53e-06|2.78e-05|1.76e-06|3.67e-06|0.0000
G-24.6|1.08e-04|1.08e-04|3.30e-05|3.43e-04|0.0000
D-20.31|1.67e-05|1.67e-05|9.98e-06|2.92e-05|0.0060
D-43.325|1.41e-03|1.41e-03|1.05e-03|1.88e-03|0.0000
D-44.72|8.98e-06|8.98e-06|5.42e-06|1.43e-05|0.0000
G-2.111|1.48e-07|1.63e-06|8.58e-08|2.60e-07|0.0001
E-22.11|4.03e-02|4.03e-02|1.62e-04|1.36e+01|0.0000
E-15.39|4.53e-06|1.58e-05|1.58e-07|9.40e-05|0.0001
A-3.64|5.49e-05|2.86e-04|4.10e-05|7.59e-05|0.0012
C-5.5|5.74e-05|2.89e-04|2.99e-05|1.10e-04|0.0001
A-39.180|3.11e-06|1.86e-05|1.48e-06|6.36e-06|0.0004
D-30.34|2.35e-04|2.35e-04|1.45e-04|3.57e-04|0.0000
E-15.339|1.16e-05|4.04e-05|7.39e-07|1.47e-04|0.0000
E-15.204|3.33e-06|1.17e-05|3.25e-07|2.95e-05|0.0000
A-14.10|9.11e-06|1.00e-04|6.98e-10|8.63e+00|0.4424
E-15.503|3.41e-06|1.19e-05|1.99e-07|5.19e-05|0.0000
F-30.31|1.41e-05|1.41e-05|7.90e-06|2.54e-05|0.0000
F-37.10|2.28e-07|2.28e-07|1.00e-09|1.49e-04|0.0000
E-15.310|9.68e-06|3.39e-05|1.67e-06|6.54e-05|0.0001
D-34.8|3.48e-04|3.48e-04|1.72e-04|6.40e-04|0.0001
G-24.41|3.00e-05|3.00e-05|1.74e-06|4.25e-04|0.2351
D-22.72|2.95e-03|2.95e-03|8.32e-04|1.08e-02|0.0049
A-41.147|2.83e-07|8.78e-06|6.39e-09|9.36e-06|0.0001
D-41.7|5.59e-04|5.59e-04|1.64e-04|2.05e-03|0.0000
G-22.65|2.22e-07|2.44e-06|2.00e-08|3.02e-06|0.0000
C-27.15|2.51e-06|2.76e-05|9.31e-07|6.56e-06|0.0010
A-34.147|9.48e-05|3.24e-04|9.21e-06|1.06e-03|0.0041
E-15.222|8.26e-06|2.89e-05|6.46e-07|1.04e-04|0.0000
G-26.46|2.16e-07|1.29e-06|8.27e-09|1.12e-05|0.0001
E-48.7|1.27e-04|1.27e-04|6.45e-05|2.40e-04|0.0000
G-3.230|3.83e-05|2.64e-04|2.31e-05|6.14e-05|0.0339
F-11.95|5.88e-04|5.88e-04|2.42e-04|1.37e-03|0.0829
G-3.9|2.46e-05|2.37e-04|1.43e-05|3.93e-05|0.0026
G-4.13|1.98e-05|2.18e-04|1.48e-05|2.78e-05|0.0136
E-15.159|8.23e-06|2.88e-05|2.00e-07|3.10e-04|0.0001
D-42.136|1.52e-04|1.52e-04|6.44e-05|3.39e-04|0.0000
F-30.43|1.40e-05|1.40e-05|6.04e-06|3.02e-05|0.0000
A-38.59|2.33e-06|2.56e-05|3.96e-07|1.59e-05|0.0000
D-28.25|2.48e-03|2.48e-03|1.51e-03|4.46e-03|0.0000
E-15.621|1.18e-05|4.14e-05|7.87e-07|1.29e-04|0.0048
F-21.48|5.69e-06|5.69e-06|1.44e-06|2.16e-05|0.0000
G-3.169|3.95e-06|4.34e-05|2.91e-06|5.34e-06|0.0000
D-32.41|6.84e-05|6.84e-05|1.34e-05|3.87e-04|0.0000
D-44.3|5.05e-04|5.05e-04|2.31e-04|9.83e-04|0.0000
F-28.29|2.02e-06|2.02e-06|4.02e-07|6.92e-06|0.0001
F-38.73|2.38e-05|2.38e-05|1.41e-05|4.02e-05|0.0000
D-43.88|1.19e-02|1.19e-02|9.25e-03|1.58e-02|0.1758
G-4.24|4.76e-05|2.77e-04|3.57e-05|6.26e-05|0.0206
E-48.91|2.62e-03|2.62e-03|1.05e-03|7.07e-03|0.0000
F-12.43|8.64e-03|8.64e-03|4.14e-03|1.83e-02|0.7870
F-15.17|4.25e-05|1.24e-04|3.23e-06|4.68e-04|0.0000
D-20.84|2.62e-05|2.62e-05|1.07e-05|5.70e-05|0.0000
D-22.86|3.27e-04|3.27e-04|1.44e-04|6.98e-04|0.0000
C-31.24|1.30e-06|5.65e-06|1.51e-07|1.01e-05|0.0002
E-15.253|4.18e-07|1.46e-06|1.18e-08|9.13e-06|0.0000
C-61.2|2.01e-05|1.20e-04|1.06e-05|4.25e-05|0.0000
D-37.11|2.31e-03|2.31e-03|9.59e-04|5.58e-03|0.0000
D-42.105|8.66e-04|8.66e-04|3.44e-04|1.98e-03|0.0000
D-23.26|2.33e-03|2.33e-03|1.31e-03|4.13e-03|0.0000
D-42.133|2.26e-06|2.26e-06|1.52e-06|3.15e-06|0.0000
G-3.166|3.58e-05|2.60e-04|2.33e-05|5.17e-05|0.0000
D-20.43|5.11e-06|5.11e-06|3.07e-06|8.32e-06|0.0000
D-43.331|1.08e-02|1.08e-02|7.81e-03|1.47e-02|0.2365
D-21.30|6.91e-04|6.91e-04|2.47e-04|1.75e-03|0.0004
G-14.14|1.18e-04|3.43e-04|4.96e-06|6.12e-03|0.0405
D-43.345|4.91e-03|4.91e-03|4.02e-03|5.98e-03|0.0804
D-22.154|1.24e-03|1.24e-03|5.01e-04|2.84e-03|0.0000
D-21.40|7.30e-04|7.30e-04|2.74e-04|1.73e-03|0.0000
G-3.71|2.94e-07|3.23e-06|1.41e-07|6.42e-07|0.0009
D-31.13|3.65e-05|3.65e-05|1.04e-05|1.20e-04|0.0776
F-33.43|2.93e-06|2.93e-06|7.00e-07|1.19e-05|0.0000
E-15.164|2.91e-06|1.02e-05|7.52e-08|8.31e-05|0.0000
A-34.23|8.59e-05|3.17e-04|9.15e-06|6.06e-04|0.0000
D-44.10|1.05e-04|1.05e-04|5.47e-05|2.12e-04|0.0000
E-41.13|8.51e-06|2.98e-05|3.35e-06|2.19e-05|0.1969
E-15.550|1.43e-05|5.00e-05|1.11e-06|1.92e-04|0.0000
D-20.33|3.60e-05|3.60e-05|1.73e-05|7.54e-05|0.0236
F-12.41|4.40e-03|4.40e-03|1.93e-03|9.61e-03|0.4389
E-47.30|2.79e-04|2.79e-04|1.51e-04|4.80e-04|0.0000
D-45.36|9.28e-05|9.28e-05|4.78e-05|1.64e-04|0.0000
F-21.40|4.42e-04|4.42e-04|3.04e-04|6.51e-04|0.0006
D-21.23|4.18e-04|4.18e-04|1.79e-04|9.70e-04|0.0001
E-11.4|5.88e-05|5.88e-05|1.95e-05|1.68e-04|0.0000
A-34.158|1.05e-03|1.05e-03|3.63e-04|2.72e-03|0.0000
D-20.26|7.32e-05|7.32e-05|4.63e-05|1.18e-04|0.0000
G-2.182|7.03e-06|7.73e-05|4.70e-06|1.05e-05|0.0085
E-15.31|1.48e-06|5.18e-06|3.84e-08|4.67e-05|0.0139
G-3.157|2.05e-05|2.26e-04|1.08e-05|3.58e-05|0.0002
E-15.399|4.25e-06|1.49e-05|4.92e-07|3.21e-05|0.0000
E-15.264|4.26e-07|1.49e-06|4.14e-09|6.86e-05|0.0044
E-15.11|1.23e-05|4.30e-05|9.28e-07|1.31e-04|0.0001
D-23.25|1.50e-03|1.50e-03|8.94e-04|2.47e-03|0.0000
F-11.119|1.27e-04|1.27e-04|6.59e-05|2.10e-04|0.0000
G-19.7|3.61e-05|3.61e-05|1.59e-05|7.72e-05|0.1904
D-38.8|3.93e-06|3.93e-06|2.05e-06|8.31e-06|0.0436
E-15.624|1.12e-07|3.91e-07|4.82e-09|3.00e-06|0.0000
D-42.71|9.77e-07|9.77e-07|3.08e-07|2.92e-06|0.1177
D-42.140|6.62e-05|6.62e-05|2.94e-05|1.39e-04|0.0000
E-47.28|1.53e-03|1.53e-03|2.23e-04|1.02e-02|0.0002
A-39.227|3.41e-06|5.46e-05|9.84e-07|1.15e-05|0.0016
F-38.156|2.90e-05|2.90e-05|1.75e-05|5.02e-05|0.0002
A-42.37|2.41e-05|2.36e-04|6.20e-06|1.12e-04|0.0000
D-24.6|7.05e-04|7.05e-04|4.09e-04|1.13e-03|0.0000
D-45.61|1.15e-04|1.15e-04|5.63e-05|2.18e-04|0.0000
F-38.81|4.73e-04|4.73e-04|3.37e-04|7.22e-04|0.0000
D-24.7|1.71e-03|1.71e-03|1.05e-03|2.66e-03|0.0000
D-9.65|1.37e-05|1.37e-05|6.21e-06|2.75e-05|0.0000
E-15.191|5.86e-07|2.05e-06|6.10e-08|5.32e-06|0.0000
F-35.26|9.31e-05|9.31e-05|5.06e-06|2.51e-03|0.0044
D-31.26|3.34e-05|3.34e-05|1.73e-05|6.00e-05|0.0505
E-15.468|8.83e-06|3.09e-05|1.11e-06|7.41e-05|0.0000
D-9.28|3.82e-06|3.82e-06|9.24e-07|1.68e-05|0.0000
E-31.54|2.90e-04|4.68e-04|6.80e-05|1.23e-03|0.0005
E-15.678|8.07e-06|2.82e-05|4.96e-07|1.21e-04|0.0000
E-7.59|3.00e-06|3.00e-06|1.24e-06|6.56e-06|0.0082
E-22.13|1.11e-01|1.11e-01|5.27e-04|4.60e+01|0.0026
A-41.80|6.52e-06|1.59e-04|9.33e-08|4.02e-04|0.0136
D-43.147|1.04e-04|1.04e-04|6.00e-05|1.77e-04|0.0000
F-36.26|9.83e-05|9.83e-05|6.03e-05|1.64e-04|0.0000
D-42.79|5.01e-04|5.01e-04|2.09e-04|1.17e-03|0.0000
A-35.17|5.84e-05|2.90e-04|3.84e-05|9.10e-05|0.0019
E-20.194|4.49e-05|4.49e-05|4.05e-06|4.97e-04|0.0000
A-34.152|2.74e-04|4.56e-04|1.30e-04|5.95e-04|0.0000
E-21.77|1.54e-03|1.54e-03|5.14e-06|2.61e-01|0.0000
D-43.290|5.51e-03|5.51e-03|3.88e-03|7.88e-03|0.1907
D-22.160|1.37e-04|1.37e-04|7.44e-05|2.66e-04|0.0000
D-30.41|9.40e-05|9.40e-05|6.08e-05|1.38e-04|0.0000
E-20.63|9.19e-06|9.19e-06|1.56e-06|6.27e-05|0.0000
E-15.218|1.13e-06|3.95e-06|6.17e-08|1.58e-05|0.0000
A-34.11|2.38e-06|2.62e-05|9.20e-08|7.33e-05|0.0081
D-43.36|9.88e-03|9.88e-03|6.79e-03|1.44e-02|0.1077
F-38.2|1.00e-05|1.00e-05|4.71e-06|2.07e-05|0.0004
D-43.296|1.99e-03|1.99e-03|1.39e-03|2.78e-03|0.1459
E-21.43|6.03e-03|6.03e-03|1.15e-04|2.43e-01|0.0000
C-28.11|5.39e-07|5.93e-06|1.42e-07|1.84e-06|0.0000
E-15.463|6.08e-06|2.13e-05|5.14e-07|7.32e-05|0.0002
E-20.65|5.79e-05|5.79e-05|1.05e-05|4.10e-04|0.0000
C-63.5|5.75e-04|6.95e-04|1.94e-04|1.59e-03|0.0000
D-43.163|6.54e-04|6.54e-04|4.29e-04|9.34e-04|0.0000
E-20.5|1.55e-04|1.55e-04|3.90e-05|5.38e-04|0.0000
C-36.34|1.83e-05|1.10e-04|1.11e-05|3.17e-05|0.0001
F-11.98|6.32e-03|6.32e-03|3.42e-03|1.15e-02|0.5314
F-21.59|8.84e-06|8.84e-06|3.76e-06|1.85e-05|0.0000
A-41.52|4.07e-06|1.26e-04|5.35e-08|2.98e-04|0.0671
C-15.10|1.73e-05|1.04e-04|6.37e-06|4.78e-05|0.0032
E-15.403|1.71e-06|5.97e-06|1.27e-07|2.24e-05|0.0000
F-35.13|9.17e-05|9.17e-05|2.86e-05|3.15e-04|0.0000
G-24.8|6.26e-06|6.26e-06|4.72e-07|6.82e-05|0.4379
D-43.172|1.62e-02|1.62e-02|1.26e-02|2.13e-02|0.2390
C-34.1|1.06e-07|1.16e-06|4.06e-09|7.47e-06|0.0040
D-22.9|1.64e-03|1.64e-03|6.23e-04|4.04e-03|0.0000
A-39.126|4.62e-05|2.75e-04|2.89e-05|7.48e-05|0.0005
G-2.238|5.64e-07|6.20e-06|3.90e-07|8.24e-07|0.0000
F-38.154|5.92e-05|5.92e-05|3.10e-05|1.15e-04|0.0013
E-15.416|4.88e-06|1.71e-05|2.88e-07|7.22e-05|0.0008
A-41.38|4.51e-06|1.40e-04|5.72e-08|3.61e-04|0.0090
E-15.402|1.17e-06|4.08e-06|7.85e-08|1.69e-05|0.0000
F-11.126|1.64e-03|1.64e-03|6.23e-04|3.80e-03|0.1430
D-43.312|5.63e-03|5.63e-03|4.36e-03|7.16e-03|0.0724
A-3.77|1.16e-05|1.28e-04|7.69e-06|1.77e-05|0.0001
F-28.54|4.45e-05|4.45e-05|1.84e-05|1.09e-04|0.0082
C-13.7|2.08e-05|1.25e-04|1.15e-05|3.72e-05|0.0022
D-44.20|1.97e-03|1.97e-03|1.14e-03|3.12e-03|0.0000
F-35.1|3.34e-05|3.34e-05|1.04e-05|1.05e-04|0.0000
E-15.299|1.55e-06|5.41e-06|8.40e-08|1.96e-05|0.0000
D-37.26|4.15e-04|4.15e-04|2.20e-04|6.99e-04|0.0000
D-43.115|1.32e-02|1.32e-02|9.80e-03|1.79e-02|0.1107
E-48.49|6.80e-04|6.80e-04|3.03e-04|1.59e-03|0.0000
A-35.184|1.37e-04|3.57e-04|8.22e-05|2.20e-04|0.0015
A-42.38|1.15e-05|1.26e-04|2.89e-06|4.99e-05|0.0000
D-45.69|1.49e-03|1.49e-03|7.56e-04|2.66e-03|0.0000
A-39.103|1.84e-06|1.10e-05|6.54e-07|4.27e-06|0.0021
G-3.15|1.24e-04|3.47e-04|7.80e-05|1.98e-04|0.0141
C-28.3|1.57e-05|1.73e-04|5.19e-06|4.98e-05|0.0000
A-41.148|6.10e-07|1.89e-05|1.01e-08|2.07e-05|0.0000
G-3.213|1.16e-06|1.28e-05|7.38e-07|1.90e-06|0.0230
G-3.171|2.17e-05|2.29e-04|1.42e-05|3.08e-05|0.0000
D-37.10|1.93e-03|1.93e-03|7.65e-04|4.97e-03|0.0000
E-15.574|2.46e-07|8.61e-07|1.65e-08|3.10e-06|0.0001
E-20.161|1.37e-05|1.37e-05|4.93e-06|3.70e-05|0.0000
G-2.83|2.94e-06|3.24e-05|2.00e-06|4.28e-06|0.0044
E-48.52|4.15e-04|4.15e-04|6.61e-05|2.81e-03|0.0006
F-12.37|1.64e-04|1.64e-04|6.83e-05|3.80e-04|0.0355
A-36.3|4.24e-07|4.67e-06|7.31e-08|2.40e-06|0.0016
F-38.119|2.85e-04|2.85e-04|2.07e-04|3.97e-04|0.0000
E-20.72|2.81e-04|2.81e-04|4.86e-05|1.38e-03|0.0062
E-15.341|3.76e-07|1.32e-06|5.65e-09|1.40e-05|0.0000
D-28.11|2.30e-03|2.30e-03|1.12e-03|4.81e-03|0.0000
D-43.107|1.16e-04|1.16e-04|6.58e-05|1.95e-04|0.0000
D-20.98|5.47e-05|5.47e-05|3.46e-05|8.91e-05|0.0000
E-48.71|6.49e-04|6.49e-04|1.45e-04|2.34e-03|0.0000
C-27.24|1.84e-05|7.96e-05|7.27e-06|4.34e-05|0.0003
A-39.179|3.65e-06|2.19e-05|1.56e-06|8.67e-06|0.0006
D-42.118|7.72e-06|7.72e-06|5.18e-08|1.32e-03|0.0000
C-29.18|1.78e-05|7.70e-05|4.39e-06|6.20e-05|0.0002
G-2.283|5.42e-07|5.97e-06|3.64e-07|8.34e-07|0.0003
G-2.46|2.54e-06|2.80e-05|1.31e-06|5.18e-06|0.0024
G-4.26|9.28e-07|1.02e-05|6.57e-07|1.26e-06|0.0001
C-10.16|2.62e-08|1.57e-07|5.61e-09|1.00e-07|0.0041
C-24.21|6.16e-07|2.67e-06|1.39e-07|2.32e-06|0.0006
A-34.122|7.96e-06|8.76e-05|3.11e-06|2.09e-05|0.0000
C-26.18|1.02e-04|3.30e-04|5.07e-05|1.92e-04|0.0000
C-1.12|7.27e-06|4.36e-05|4.38e-06|1.22e-05|0.0000
F-38.215|2.01e-06|2.01e-06|6.82e-07|5.71e-06|0.0000
G-16.1|1.05e-07|6.31e-07|2.29e-08|6.84e-07|0.0115
A-35.54|1.68e-04|3.79e-04|9.30e-05|2.88e-04|0.0018
A-41.86|2.46e-07|7.63e-06|6.34e-09|8.79e-06|0.0004
D-43.51|6.07e-03|6.07e-03|4.16e-03|9.40e-03|0.1245
D-42.111|4.26e-04|4.26e-04|1.56e-04|1.07e-03|0.0000
G-2.78|1.55e-05|1.70e-04|1.03e-05|2.37e-05|0.0001
C-52.9|4.02e-07|4.42e-06|1.18e-07|1.45e-06|0.0000
F-28.30|8.26e-06|8.26e-06|3.58e-06|2.08e-05|0.0000
D-32.88|4.13e-05|4.13e-05|2.61e-05|6.58e-05|0.0000
D-43.264|6.85e-03|6.85e-03|5.46e-03|8.70e-03|0.0676
D-19.15|7.73e-06|7.73e-06|4.11e-06|1.40e-05|0.0029
E-41.25|1.96e-05|6.88e-05|9.68e-06|3.92e-05|0.0009
E-15.690|1.09e-06|3.83e-06|7.15e-08|1.36e-05|0.0000
D-22.134|6.18e-04|6.18e-04|2.35e-04|1.88e-03|0.0002
F-38.194|3.74e-07|3.74e-07|1.23e-07|1.26e-06|0.0009
A-42.25|3.39e-06|1.47e-05|1.17e-06|7.99e-06|0.0007
D-26.69|1.09e-03|1.09e-03|7.19e-04|1.70e-03|0.0030
G-15.34|7.47e-06|7.47e-06|4.02e-06|1.42e-05|0.0000
D-31.2|1.04e-04|1.04e-04|4.45e-05|2.39e-04|0.1276
F-5.9|1.57e-05|1.57e-05|6.53e-06|3.58e-05|0.0000
D-43.284|4.18e-04|4.18e-04|2.84e-04|5.94e-04|0.0000
E-15.378|8.68e-07|3.04e-06|6.97e-08|9.85e-06|0.0000
E-15.84|6.45e-07|2.26e-06|2.67e-08|1.25e-05|0.0000
F-11.53|6.03e-03|6.03e-03|3.44e-03|1.08e-02|0.7260
C-13.9|1.39e-05|8.35e-05|7.87e-06|2.72e-05|0.0000
C-36.3|2.13e-04|4.11e-04|1.26e-04|3.65e-04|0.0079
D-41.107|2.10e-05|2.10e-05|2.46e-07|2.25e-03|0.1111
A-39.187|1.25e-05|7.48e-05|5.44e-06|2.82e-05|0.0048
E-15.494|2.49e-06|8.72e-06|4.59e-07|1.42e-05|0.0044
D-43.44|1.19e-02|1.19e-02|8.62e-03|1.68e-02|0.1958
G-3.234|2.84e-05|2.46e-04|1.74e-05|4.39e-05|0.0018
D-42.97|1.37e-06|1.37e-06|5.62e-07|3.01e-06|0.0000
E-7.37|1.25e-06|1.25e-06|5.18e-07|3.15e-06|0.0289
E-31.43|2.18e-06|2.39e-05|3.41e-07|1.19e-05|0.0000
G-2.170|2.76e-06|3.03e-05|1.89e-06|4.12e-06|0.0030
F-11.114|1.19e-02|1.19e-02|4.20e-03|3.90e-02|0.1587
F-21.23|1.20e-03|1.20e-03|8.98e-04|1.63e-03|0.5170
C-52.3|1.73e-05|1.04e-04|8.56e-06|3.91e-05|0.0000
D-43.354|1.17e-05|1.17e-05|5.56e-06|2.59e-05|0.4036
C-40.16|1.19e-04|3.43e-04|4.74e-05|2.73e-04|0.0000
D-29.13|1.24e-04|1.24e-04|4.18e-05|3.15e-04|0.0319
F-38.86|1.73e-04|1.73e-04|1.10e-04|2.80e-04|0.0002
D-22.66|6.37e-04|6.37e-04|2.63e-04|1.46e-03|0.0000
D-26.80|3.16e-03|3.16e-03|1.58e-03|6.18e-03|0.0000
D-42.117|3.37e-07|3.37e-07|5.94e-10|1.18e-03|0.0000
A-39.13|8.67e-06|5.20e-05|5.43e-06|1.34e-05|0.0009
E-20.198|4.28e-07|4.28e-07|4.83e-09|2.25e-05|0.3391
D-34.27|1.11e-03|1.11e-03|7.42e-04|1.68e-03|0.0000
D-43.144|1.61e-02|1.61e-02|1.28e-02|2.09e-02|0.1816
A-35.55|2.21e-04|4.17e-04|1.05e-04|4.57e-04|0.0028
D-30.29|2.62e-05|2.62e-05|1.80e-05|3.62e-05|0.0000
D-22.50|9.25e-04|9.25e-04|3.86e-04|2.30e-03|0.0000
D-43.297|1.31e-02|1.31e-02|1.04e-02|1.66e-02|0.2267
D-26.82|6.96e-04|6.96e-04|1.92e-04|3.73e-03|0.4712
C-52.11|2.40e-06|2.64e-05|8.68e-07|6.30e-06|0.0000
G-4.45|6.14e-06|6.75e-05|4.61e-06|8.20e-06|0.0002
E-3.10|1.32e-06|4.08e-05|6.10e-09|2.32e-03|0.8396
A-34.106|3.95e-05|2.66e-04|4.12e-06|5.42e-04|0.0308
D-42.26|2.37e-06|2.37e-06|1.18e-06|4.44e-06|0.0000
F-25.32|1.06e-04|1.06e-04|6.33e-05|1.73e-04|0.0000
D-20.35|2.76e-05|2.76e-05|1.68e-05|4.64e-05|0.0000
G-2.84|8.09e-06|8.90e-05|5.63e-06|1.19e-05|0.0073
A-34.56|4.64e-05|2.76e-04|5.62e-06|3.85e-04|0.0397
D-45.17|1.82e-05|1.82e-05|9.75e-06|3.43e-05|0.0000
A-41.36|8.90e-06|1.77e-04|1.18e-07|7.40e-04|0.0673
D-23.29|1.50e-03|1.50e-03|8.11e-04|2.80e-03|0.0360
E-22.8|8.22e-02|8.22e-02|1.40e-03|5.91e+00|0.0507
G-24.29|1.27e-05|1.27e-05|2.85e-06|4.90e-05|0.0000
A-38.17|1.12e-06|1.51e-05|1.85e-07|8.92e-06|0.0000
A-3.7|1.92e-05|2.11e-04|1.52e-05|2.41e-05|0.0044
D-43.216|5.48e-03|5.48e-03|3.89e-03|7.48e-03|0.1657
E-20.157|3.35e-07|3.35e-07|8.19e-08|1.60e-06|0.0050
D-1.3|1.72e-03|1.72e-03|9.63e-04|2.83e-03|0.0000
E-15.466|2.58e-06|9.03e-06|2.78e-07|2.07e-05|0.0001
E-15.217|3.80e-07|1.33e-06|1.72e-08|6.50e-06|0.0001
G-16.13|3.20e-07|1.92e-06|6.75e-08|1.51e-06|0.0731
G-15.146|3.49e-05|3.49e-05|1.87e-05|7.03e-05|0.0000
A-38.26|8.46e-07|9.31e-06|2.32e-07|2.62e-06|0.0000
A-34.32|6.79e-06|7.47e-05|6.38e-07|9.78e-05|0.0008
A-3.94|3.13e-05|2.52e-04|2.16e-05|4.67e-05|0.0001
E-48.79|2.06e-03|2.06e-03|5.93e-04|7.51e-03|0.0000
D-9.66|8.50e-06|8.50e-06|3.63e-06|1.94e-05|0.0000
A-33.8|3.02e-05|2.49e-04|8.87e-06|1.07e-04|0.0001
D-44.74|6.32e-05|6.32e-05|3.23e-05|1.31e-04|0.0000
A-41.67|1.75e-06|5.42e-05|1.99e-08|1.10e-04|0.0672
A-39.14|1.85e-05|1.11e-04|1.22e-05|2.73e-05|0.0028
D-44.24|2.25e-03|2.25e-03|1.19e-03|3.84e-03|0.0000
D-43.340|8.48e-04|8.48e-04|5.69e-04|1.25e-03|0.0147
F-11.163|1.11e-02|1.11e-02|5.74e-03|2.30e-02|1.0502
G-19.3|9.99e-05|9.99e-05|3.91e-05|2.23e-04|0.3436
A-2.33|6.30e-06|6.93e-05|2.58e-06|1.50e-05|0.0262
D-32.4|1.82e-05|1.82e-05|5.64e-06|5.72e-05|0.0000
G-3.66|4.52e-06|4.98e-05|3.14e-06|6.56e-06|0.0000
E-48.129|2.74e-04|2.74e-04|1.00e-04|7.46e-04|0.0000
E-41.3|4.27e-06|1.50e-05|1.67e-06|1.26e-05|0.0000
D-26.59|1.07e-03|1.07e-03|6.98e-04|1.68e-03|0.0035
D-22.225|2.02e-03|2.02e-03|7.75e-04|5.45e-03|0.0054
A-41.149|2.25e-07|6.99e-06|5.63e-09|9.31e-06|0.0021
E-15.573|2.07e-07|7.24e-07|1.34e-08|2.53e-06|0.0001
E-20.113|1.64e-04|1.64e-04|2.35e-05|1.68e-03|0.0000
E-20.189|4.81e-07|4.81e-07|6.95e-09|5.45e-05|0.5379
E-48.67|4.01e-03|4.01e-03|1.00e-03|1.73e-02|0.0000
F-35.39|1.15e-05|1.15e-05|3.52e-06|3.48e-05|0.0329
E-20.75|1.09e-05|1.09e-05|1.74e-06|5.74e-05|0.0076
D-36.16|2.41e-05|2.41e-05|8.71e-06|6.80e-05|0.0000
A-3.44|3.35e-05|2.56e-04|2.44e-05|4.75e-05|0.0345
E-21.74|2.02e-02|2.02e-02|4.72e-04|7.52e-01|0.0000
D-30.40|1.84e-04|1.84e-04|1.20e-04|2.80e-04|0.0000
A-38.46|1.38e-06|1.51e-05|1.18e-07|2.16e-05|0.0001
A-2.4|5.11e-05|2.82e-04|3.19e-05|8.29e-05|0.0078
A-3.83|3.48e-05|2.58e-04|2.25e-05|5.39e-05|0.0001
A-41.54|2.58e-06|7.99e-05|2.40e-08|2.39e-04|0.0687
D-45.78|9.94e-04|9.94e-04|6.36e-04|1.52e-03|0.0000
F-11.102|3.40e-05|3.40e-05|1.61e-05|7.19e-05|0.0000
E-20.44|8.93e-06|8.93e-06|1.85e-06|4.65e-05|0.0000
F-11.208|2.42e-03|2.42e-03|1.22e-03|4.51e-03|0.6275
C-31.16|2.45e-05|1.06e-04|2.48e-06|3.05e-04|0.0010
E-20.81|4.30e-06|4.30e-06|6.19e-07|2.40e-05|0.0029
G-3.237|9.30e-07|1.02e-05|6.31e-07|1.36e-06|0.0013
D-43.314|5.53e-06|5.53e-06|2.89e-06|1.08e-05|0.5365
D-43.74|1.03e-02|1.03e-02|7.61e-03|1.36e-02|0.0767
D-43.65|8.10e-03|8.10e-03|5.88e-03|1.12e-02|0.0689
F-38.98|3.06e-07|3.06e-07|1.70e-07|5.63e-07|0.0000
E-15.432|7.06e-06|2.47e-05|4.84e-07|1.09e-04|0.0001
A-35.135|8.29e-06|9.12e-05|4.58e-06|1.39e-05|0.0140
G-22.25|4.24e-07|4.66e-06|3.67e-08|4.95e-06|0.0000
E-20.120|3.70e-05|3.70e-05|1.12e-05|1.30e-04|0.0000
E-15.255|3.22e-06|1.13e-05|1.56e-07|5.14e-05|0.0000
A-41.62|3.71e-06|1.15e-04|5.46e-08|1.61e-04|0.0422
D-21.15|5.10e-05|5.10e-05|9.17e-06|2.25e-04|0.0054
D-43.207|2.61e-03|2.61e-03|1.67e-03|4.14e-03|0.1321
E-15.580|3.50e-07|1.23e-06|2.79e-08|3.45e-06|0.0013
D-22.139|1.01e-03|1.01e-03|4.03e-04|2.54e-03|0.0000
G-11.5|4.52e-07|4.52e-07|2.09e-09|2.80e-03|0.0000
E-15.658|1.39e-06|4.85e-06|9.28e-08|2.26e-05|0.0000
F-32.28|2.25e-06|2.25e-06|6.63e-07|6.42e-06|0.0000
D-42.51|1.95e-05|1.95e-05|1.14e-05|3.36e-05|0.0000
C-50.22|5.61e-07|3.37e-06|4.01e-08|9.84e-06|0.0000
F-38.23|1.61e-03|1.61e-03|4.60e-04|5.41e-03|0.0008
C-3.6|1.40e-05|8.39e-05|7.38e-06|2.75e-05|0.0013
C-1.6|2.05e-05|1.23e-04|1.24e-05|3.23e-05|0.0000
E-22.4|1.46e-03|1.46e-03|8.11e-06|3.46e-01|0.0000
A-7.2|2.14e-06|3.43e-05|2.15e-07|1.83e-05|0.0000
E-15.137|1.08e-05|3.79e-05|8.65e-07|9.75e-05|0.0000
D-22.2|1.11e-04|1.11e-04|4.53e-05|2.90e-04|0.0000
F-35.33|5.09e-05|5.09e-05|2.38e-05|9.76e-05|0.0000
F-25.8|1.13e-05|1.13e-05|4.78e-06|2.46e-05|0.0000
D-43.24|7.50e-03|7.50e-03|5.28e-03|1.11e-02|0.0919
F-21.26|9.71e-05|9.71e-05|6.32e-05|1.45e-04|0.0087
D-20.8|2.40e-06|2.40e-06|1.00e-06|6.05e-06|0.0523
F-30.18|2.37e-05|2.37e-05|1.35e-05|3.92e-05|0.0000
A-34.94|1.19e-04|3.43e-04|1.45e-05|9.72e-04|0.0343
F-31.18|4.90e-06|4.90e-06|2.11e-06|1.07e-05|0.0002
D-43.188|4.18e-03|4.18e-03|3.30e-03|5.39e-03|0.0232
D-43.208|1.10e-02|1.10e-02|8.32e-03|1.45e-02|0.1935
F-36.16|2.66e-06|2.66e-06|1.37e-06|5.18e-06|0.0171
D-44.8|2.57e-05|2.57e-05|1.46e-05|4.59e-05|0.0000
A-38.69|1.78e-06|1.95e-05|3.21e-07|1.01e-05|0.0001
G-3.79|5.00e-05|2.80e-04|3.13e-05|7.69e-05|0.0169
F-11.111|1.31e-03|1.31e-03|4.34e-04|3.83e-03|0.1709
D-43.1|6.01e-03|6.01e-03|3.83e-03|9.62e-03|0.1106
D-42.12|1.13e-05|1.13e-05|4.60e-06|2.75e-05|0.0000
A-39.67|9.67e-06|5.80e-05|5.06e-06|1.89e-05|0.0001
F-38.103|6.44e-05|6.44e-05|4.18e-05|9.42e-05|0.0000
G-2.77|2.35e-06|2.58e-05|1.51e-06|3.52e-06|0.0001
E-30.9|6.62e-05|2.99e-04|2.32e-05|1.50e-04|0.0226
E-15.495|4.51e-06|1.58e-05|9.18e-07|2.51e-05|0.0020
F-35.32|8.53e-05|8.53e-05|4.15e-05|1.57e-04|0.0000
A-35.193|3.35e-04|5.02e-04|2.40e-04|4.72e-04|0.0017
E-15.175|1.26e-05|4.41e-05|1.33e-06|1.19e-04|0.0008
G-19.34|2.05e-05|2.05e-05|7.99e-06|5.08e-05|0.4955
D-43.326|3.53e-03|3.53e-03|2.73e-03|4.64e-03|0.0070
D-35.3|1.61e-05|1.61e-05|1.21e-06|1.95e-04|0.0000
D-20.48|6.76e-05|6.76e-05|3.93e-05|1.18e-04|0.0039
E-15.208|3.01e-08|1.05e-07|4.31e-09|2.15e-06|0.0004
G-3.101|9.82e-08|1.08e-06|4.54e-08|2.04e-07|0.0012
E-15.686|6.94e-08|2.43e-07|2.43e-09|1.28e-06|0.0024
E-20.191|4.06e-05|4.06e-05|3.34e-06|3.90e-04|0.0061
F-21.38|3.16e-03|3.16e-03|2.41e-03|4.26e-03|0.1516
D-31.29|1.17e-05|1.17e-05|3.77e-06|3.70e-05|0.1737
C-49.2|7.66e-07|8.43e-06|1.12e-07|5.88e-06|0.0006
D-32.10|1.20e-05|1.20e-05|1.53e-06|1.05e-04|0.0000
A-39.87|3.69e-06|2.21e-05|1.23e-06|1.01e-05|0.0041
E-20.138|1.13e-05|1.13e-05|2.36e-06|4.84e-05|0.0000
D-43.127|6.97e-03|6.97e-03|5.16e-03|9.34e-03|0.1548
G-2.123|7.25e-06|7.97e-05|5.08e-06|1.01e-05|0.0001
G-2.246|4.97e-07|5.47e-06|3.27e-07|7.26e-07|0.0000
E-20.6|5.02e-05|5.02e-05|9.08e-06|2.35e-04|0.0000
A-34.55|2.53e-04|4.40e-04|2.28e-05|3.28e-03|0.0010
G-2.5|6.97e-05|3.02e-04|4.97e-05|9.86e-05|0.0311
A-2.60|9.44e-07|5.66e-06|4.03e-07|2.17e-06|0.0020
F-38.99|1.82e-06|1.82e-06|1.04e-06|2.87e-06|0.0000
E-3.6|1.57e-06|4.86e-05|4.31e-09|2.65e-03|0.8730
G-22.5|1.42e-06|1.57e-05|1.15e-07|1.50e-05|0.0003
A-3.89|2.24e-06|2.46e-05|1.56e-06|3.28e-06|0.0003
D-42.101|1.59e-05|1.59e-05|8.81e-06|2.70e-05|0.0000
G-3.95|4.87e-06|5.36e-05|3.49e-06|7.24e-06|0.0000
A-38.65|7.48e-07|8.23e-06|2.91e-07|1.55e-06|0.0001
G-3.247|2.36e-06|2.60e-05|1.47e-06|3.84e-06|0.0169
D-36.33|5.50e-04|5.50e-04|2.13e-04|1.58e-03|0.0000
C-26.29|1.82e-05|7.90e-05|1.01e-05|3.33e-05|0.0000
A-38.44|2.52e-06|2.78e-05|6.78e-07|8.92e-06|0.0000
A-39.73|1.02e-06|6.11e-06|4.30e-07|2.59e-06|0.0121
E-15.362|3.00e-06|1.05e-05|6.12e-08|1.06e-04|0.0098
C-37.4|2.30e-06|3.68e-05|8.90e-07|5.85e-06|0.0001
A-35.51|2.36e-06|2.60e-05|1.24e-06|4.65e-06|0.0047
C-36.19|2.23e-05|1.34e-04|1.18e-05|4.17e-05|0.0191
D-32.29|1.29e-05|1.29e-05|1.34e-06|1.52e-04|0.0000
A-31.16|3.98e-07|2.39e-06|2.22e-08|9.42e-06|0.0105
E-20.7|2.51e-04|2.51e-04|5.10e-05|1.03e-03|0.0000
A-34.120|2.50e-03|2.50e-03|8.08e-04|6.48e-03|0.0000
C-60.2|1.46e-06|8.78e-06|2.94e-07|6.33e-06|0.0001
E-22.12|7.54e-02|7.54e-02|5.55e-04|1.70e+01|0.0366
E-20.136|5.30e-06|5.30e-06|1.06e-06|2.32e-05|0.0113
D-43.80|5.79e-03|5.79e-03|4.25e-03|8.29e-03|0.0082
A-35.84|2.66e-05|2.42e-04|1.75e-05|4.17e-05|0.0033
C-8.7|9.53e-06|1.05e-04|4.55e-06|2.17e-05|0.0000
D-22.58|1.72e-05|1.72e-05|4.96e-06|5.46e-05|0.0000
G-2.261|3.86e-07|4.24e-06|2.80e-07|5.79e-07|0.0000
E-15.564|8.24e-06|2.88e-05|6.72e-07|8.96e-05|0.0000
A-2.52|5.80e-05|2.90e-04|3.46e-05|9.69e-05|0.0030
F-28.45|9.96e-06|9.96e-06|4.63e-06|1.97e-05|0.0002
F-11.207|1.44e-03|1.44e-03|7.68e-04|2.68e-03|0.4025
E-15.49|1.56e-05|5.45e-05|1.19e-06|1.79e-04|0.0000
D-43.292|1.26e-02|1.26e-02|9.38e-03|1.68e-02|0.2269
D-5.3|4.78e-05|4.78e-05|3.25e-05|6.70e-05|0.0000
F-35.40|1.39e-04|1.39e-04|7.31e-05|2.48e-04|0.0000
E-30.16|6.62e-05|2.99e-04|2.54e-05|2.08e-04|0.0896
C-27.14|9.70e-06|1.07e-04|3.83e-06|2.16e-05|0.0003
D-31.4|4.63e-05|4.63e-05|2.09e-05|1.09e-04|0.0984
E-7.43|4.13e-06|4.13e-06|2.47e-06|6.61e-06|0.0000
F-28.43|6.52e-05|6.52e-05|3.66e-05|1.09e-04|0.0000
C-50.10|8.51e-07|5.10e-06|1.92e-07|3.94e-06|0.0000
C-6.13|4.16e-06|2.50e-05|2.43e-06|7.57e-06|0.0002
G-15.49|6.65e-07|6.65e-07|4.09e-07|1.14e-06|0.0006
D-43.237|4.99e-03|4.99e-03|3.86e-03|6.56e-03|0.0061
D-43.11|5.80e-04|5.80e-04|2.13e-04|1.45e-03|0.0119
E-15.585|1.34e-07|4.69e-07|6.80e-09|2.04e-06|0.0000
A-42.55|9.33e-07|4.04e-06|2.22e-07|3.21e-06|0.0007
F-38.188|1.44e-06|1.44e-06|6.36e-07|3.35e-06|0.0040
F-38.164|1.01e-06|1.01e-06|4.65e-07|2.32e-06|0.0002
A-35.3|2.88e-05|2.47e-04|1.86e-05|4.32e-05|0.0017
E-15.507|6.46e-07|2.26e-06|3.05e-08|1.08e-05|0.0000
G-2.237|9.65e-08|1.06e-06|5.55e-08|1.68e-07|0.0000
D-9.22|4.95e-06|4.95e-06|9.80e-07|2.56e-05|0.0000
G-3.244|8.50e-07|9.35e-06|4.94e-07|1.34e-06|0.0141
E-20.98|3.03e-07|3.03e-07|3.94e-08|2.39e-06|0.0003
A-41.89|1.79e-07|5.54e-06|6.25e-09|6.17e-06|0.0000
C-8.1|5.05e-04|6.37e-04|2.42e-04|1.14e-03|0.0188
G-4.9|3.41e-05|2.57e-04|2.48e-05|4.82e-05|0.0354
C-26.8|5.17e-05|2.82e-04|2.50e-05|1.05e-04|0.0000
D-9.81|6.24e-06|6.24e-06|8.13e-07|8.06e-05|0.0000
D-24.22|9.57e-03|9.57e-03|3.84e-03|2.37e-02|0.2706
F-33.28|2.61e-07|2.61e-07|4.51e-09|1.56e-05|0.0000
F-12.9|9.59e-05|9.59e-05|4.14e-05|2.23e-04|0.0120
D-38.9|8.44e-07|8.44e-07|4.13e-07|1.92e-06|0.0019
F-4.6|2.56e-05|2.56e-05|1.36e-05|5.03e-05|0.0017
F-38.68|3.10e-07|3.10e-07|1.73e-07|5.81e-07|0.0000
D-38.10|1.67e-06|1.67e-06|8.78e-07|3.25e-06|0.0018
D-21.17|7.68e-05|7.68e-05|1.58e-05|3.68e-04|0.0054
G-4.64|4.12e-05|2.68e-04|2.89e-05|5.62e-05|0.0000
A-35.96|3.87e-05|2.65e-04|2.49e-05|5.68e-05|0.0016
F-38.121|7.49e-05|7.49e-05|4.02e-05|1.41e-04|0.0000
A-34.161|4.64e-05|2.76e-04|2.39e-05|8.71e-05|0.0000
D-42.35|4.71e-04|4.71e-04|1.83e-04|1.11e-03|0.0000
D-44.56|1.82e-05|1.82e-05|9.96e-06|3.53e-05|0.0000
A-33.1|1.20e-05|1.32e-04|4.33e-06|3.20e-05|0.0000
E-15.145|8.01e-07|2.80e-06|2.72e-08|2.09e-05|0.0000
G-4.49|4.26e-06|4.68e-05|3.30e-06|5.43e-06|0.0000
G-3.33|5.01e-06|5.51e-05|3.11e-06|7.78e-06|0.0000
G-2.90|1.93e-05|2.12e-04|1.26e-05|2.86e-05|0.0154
C-28.21|1.49e-06|6.47e-06|6.32e-07|3.43e-06|0.0000
D-43.223|1.21e-02|1.21e-02|9.44e-03|1.58e-02|0.1382
A-35.9|8.04e-04|8.95e-04|5.14e-04|1.16e-03|0.0012
F-35.43|1.63e-04|1.63e-04|8.32e-05|3.03e-04|0.0000
G-15.69|1.69e-05|1.69e-05|1.03e-05|2.63e-05|0.0028
D-21.27|1.50e-03|1.50e-03|6.26e-04|3.39e-03|0.0050
A-35.80|3.87e-05|2.65e-04|2.49e-05|5.68e-05|0.0016
E-20.108|8.13e-05|8.13e-05|1.90e-05|3.07e-04|0.0000
D-22.217|1.54e-03|1.54e-03|5.57e-04|4.82e-03|0.0000
D-42.154|1.23e-06|1.23e-06|1.07e-09|1.91e-02|0.0000
A-3.25|1.42e-06|1.57e-05|1.04e-06|1.95e-06|0.0000
D-44.55|1.15e-03|1.15e-03|6.18e-04|1.94e-03|0.0000
E-47.59|2.14e-05|2.14e-05|3.33e-08|1.15e-02|0.0003
E-48.42|2.13e-04|2.13e-04|9.38e-05|4.50e-04|0.0000
F-21.13|2.88e-05|2.88e-05|1.27e-05|6.44e-05|0.0000
G-15.59|1.41e-05|1.41e-05|9.17e-06|2.22e-05|0.0000
E-15.43|6.69e-07|2.34e-06|1.63e-08|2.49e-05|0.0035
E-15.231|5.03e-07|1.76e-06|5.98e-09|2.52e-05|0.0000
F-32.21|8.26e-06|8.26e-06|2.53e-06|2.50e-05|0.0000
D-44.53|3.81e-04|3.81e-04|1.99e-04|7.05e-04|0.0000
D-43.84|2.85e-03|2.85e-03|1.71e-03|5.02e-03|0.1065
D-22.164|2.52e-04|2.52e-04|1.12e-04|6.80e-04|0.0000
D-43.143|8.53e-03|8.53e-03|7.04e-03|1.02e-02|0.0562
A-2.13|8.82e-07|5.29e-06|3.48e-07|2.40e-06|0.0328
D-22.206|2.50e-03|2.50e-03|1.12e-03|5.87e-03|0.0014
E-48.87|1.87e-04|1.87e-04|5.25e-05|5.49e-04|0.0000
A-35.18|1.45e-05|1.60e-04|9.90e-06|2.13e-05|0.0074
G-22.50|8.10e-07|8.91e-06|6.75e-08|9.09e-06|0.0000
G-3.56|1.78e-05|1.95e-04|1.25e-05|2.65e-05|0.0000
E-15.344|5.14e-06|1.80e-05|1.69e-07|1.13e-04|0.0001
E-20.92|1.95e-05|1.95e-05|5.13e-06|7.35e-05|0.0001
F-33.30|4.11e-07|4.11e-07|2.04e-08|8.61e-06|0.0000
C-38.8|5.39e-05|2.85e-04|2.09e-05|1.27e-04|0.0020
D-22.35|2.63e-03|2.63e-03|1.02e-03|6.00e-03|0.0000
D-43.344|2.55e-03|2.55e-03|1.98e-03|3.27e-03|0.0407
C-50.24|1.01e-06|6.08e-06|6.96e-08|1.79e-05|0.0001
C-5.7|9.50e-06|5.70e-05|3.94e-06|2.30e-05|0.0001
D-20.75|6.44e-05|6.44e-05|2.22e-05|1.85e-04|0.1424
C-61.16|1.19e-04|3.44e-04|6.17e-05|2.32e-04|0.0000
F-30.9|1.01e-06|1.01e-06|2.23e-07|4.16e-06|0.0000
D-26.55|8.65e-04|8.65e-04|5.35e-04|1.41e-03|0.0205
A-41.23|6.71e-06|1.61e-04|1.10e-07|2.38e-04|0.0955
D-42.7|2.25e-06|2.25e-06|8.76e-07|5.67e-06|0.0001
A-35.132|6.19e-05|2.94e-04|4.41e-05|8.48e-05|0.0035
E-15.45|3.56e-06|1.25e-05|1.33e-07|7.42e-05|0.0003
G-2.74|3.37e-06|3.70e-05|2.46e-06|4.76e-06|0.0000
E-15.484|5.22e-06|1.83e-05|1.13e-06|1.99e-05|0.0009
A-34.179|2.93e-06|3.22e-05|2.68e-07|5.96e-05|0.0484
A-41.98|1.83e-07|5.66e-06|6.24e-09|6.30e-06|0.0000
C-38.15|1.92e-05|2.22e-04|7.70e-06|4.40e-05|0.0003
G-15.37|9.09e-05|9.09e-05|6.28e-05|1.30e-04|0.0000
C-26.3|5.17e-05|2.82e-04|2.50e-05|1.05e-04|0.0000
F-36.38|2.29e-06|2.29e-06|1.37e-06|3.71e-06|0.0146
E-48.68|1.30e-03|1.30e-03|3.21e-04|4.73e-03|0.0000
E-48.133|1.54e-03|1.54e-03|6.14e-04|4.14e-03|0.0000
F-33.53|5.95e-07|5.95e-07|6.08e-09|1.19e-04|0.0031
E-15.236|5.09e-07|1.78e-06|1.92e-08|1.30e-05|0.0000
D-41.39|4.46e-05|4.46e-05|3.27e-06|7.44e-04|0.0000
A-41.127|1.26e-06|3.91e-05|1.75e-08|6.61e-05|0.0025
A-34.98|1.28e-03|1.28e-03|1.74e-04|1.01e-02|0.0035
D-20.47|1.75e-04|1.75e-04|9.92e-05|3.06e-04|0.0063
G-19.5|4.51e-07|4.51e-07|6.72e-08|2.06e-06|4.4221
G-2.32|2.62e-05|2.41e-04|1.93e-05|3.70e-05|0.0193
A-35.35|8.84e-05|3.19e-04|5.59e-05|1.30e-04|0.0014
D-43.298|8.52e-03|8.52e-03|6.43e-03|1.13e-02|0.2101
C-24.13|8.75e-05|3.18e-04|2.27e-05|2.78e-04|0.0017
B-9.28|1.48e-05|1.62e-04|3.80e-07|6.19e-04|0.0002
G-3.11|2.57e-06|2.82e-05|1.56e-06|4.26e-06|0.0000
E-20.21|2.72e-05|2.72e-05|3.35e-06|1.71e-04|0.0096
D-43.62|1.76e-03|1.76e-03|1.19e-03|2.63e-03|0.0000
C-24.9|3.59e-04|5.20e-04|9.23e-05|1.18e-03|0.0043
F-21.57|1.10e-03|1.10e-03|8.10e-04|1.51e-03|0.5172
G-4.58|7.69e-06|8.46e-05|5.82e-06|1.02e-05|0.0000
C-2.12|1.23e-06|7.38e-06|7.32e-07|2.09e-06|0.0000
F-38.224|1.86e-05|1.86e-05|8.75e-06|4.08e-05|0.0021
A-39.164|7.27e-07|4.36e-06|2.92e-07|1.71e-06|0.0121
D-22.179|6.18e-04|6.18e-04|2.55e-04|1.48e-03|0.0000
F-11.52|2.95e-03|2.95e-03|1.53e-03|5.84e-03|0.4184
D-31.5|1.17e-04|1.17e-04|5.03e-05|2.59e-04|0.0122
D-45.15|1.50e-04|1.50e-04|7.47e-05|2.60e-04|0.0000
G-2.11|4.07e-07|4.48e-06|2.76e-07|5.80e-07|0.0001
D-43.363|5.59e-03|5.59e-03|4.23e-03|7.29e-03|0.0442
F-21.60|2.41e-03|2.41e-03|1.84e-03|3.29e-03|0.1949
E-15.14|1.18e-05|4.13e-05|8.64e-07|1.52e-04|0.0001
G-2.29|1.41e-06|1.55e-05|9.76e-07|2.06e-06|0.0026
C-30.5|6.03e-07|6.64e-06|9.29e-08|3.12e-06|0.0000
E-22.9|1.27e-01|1.27e-01|1.34e-03|2.38e+01|0.0803
D-21.14|1.38e-05|1.38e-05|1.85e-06|9.02e-05|0.0251
E-48.114|1.42e-03|1.42e-03|5.74e-04|3.75e-03|0.0000
A-35.235|2.66e-05|2.42e-04|1.31e-05|5.29e-05|0.0000
E-15.26|2.90e-06|1.01e-05|1.51e-07|3.83e-05|0.0000
E-15.3|2.20e-06|7.69e-06|1.12e-07|2.99e-05|0.0000
D-42.156|1.83e-06|1.83e-06|1.33e-09|1.61e-02|0.0004
E-30.11|4.92e-05|2.79e-04|1.26e-05|1.84e-04|0.0000
C-40.11|3.34e-05|1.45e-04|1.39e-05|7.88e-05|0.0000
D-25.11|3.74e-03|3.74e-03|2.21e-03|6.25e-03|0.0000
E-15.76|4.99e-06|1.75e-05|4.43e-07|5.11e-05|0.0000
A-31.3|1.26e-08|2.64e-07|1.42e-09|1.98e-07|0.2143
E-41.37|6.61e-05|2.31e-04|2.73e-05|1.53e-04|0.0001
A-41.60|1.09e-06|3.39e-05|1.48e-08|5.52e-05|0.0024
D-36.24|1.26e-03|1.26e-03|5.78e-04|2.92e-03|0.0000
D-41.8|1.44e-04|1.44e-04|5.43e-05|3.59e-04|0.0000
F-30.29|2.42e-05|2.42e-05|1.30e-05|4.17e-05|0.0000
E-15.343|1.79e-06|6.27e-06|4.85e-08|5.24e-05|0.0000
D-24.1|3.72e-04|3.72e-04|1.57e-04|8.46e-04|0.0000
F-25.23|9.33e-06|9.33e-06|1.45e-06|7.06e-05|0.0005
G-2.109|2.72e-05|2.43e-04|1.82e-05|3.91e-05|0.0142
D-43.334|7.66e-03|7.66e-03|5.93e-03|1.02e-02|0.2198
F-30.4|1.22e-06|1.22e-06|3.18e-07|4.78e-06|0.0000
F-33.76|2.81e-07|2.81e-07|2.97e-09|1.94e-05|0.0360
D-31.34|5.00e-05|5.00e-05|1.35e-05|1.47e-04|0.3515
F-33.15|1.82e-06|1.82e-06|3.79e-07|8.35e-06|0.0000
G-3.183|1.10e-05|1.21e-04|7.33e-06|1.61e-05|0.0000
G-2.52|2.51e-05|2.38e-04|1.92e-05|3.48e-05|0.0000
D-21.38|1.29e-04|1.29e-04|5.36e-05|3.06e-04|0.0000
F-33.49|2.78e-07|2.78e-07|3.71e-09|2.18e-05|0.0006
D-43.190|7.46e-03|7.46e-03|5.72e-03|9.87e-03|0.0559
A-34.103|8.52e-06|9.37e-05|3.67e-07|2.23e-04|0.0313
D-22.24|1.93e-03|1.93e-03|7.41e-04|4.66e-03|0.0000
E-11.19|7.78e-06|7.78e-06|2.11e-07|1.47e-04|0.0715
D-22.20|9.58e-04|9.58e-04|3.19e-04|3.09e-03|0.0000
E-15.171|3.06e-07|1.07e-06|1.44e-08|4.76e-06|0.0000
F-38.151|1.70e-04|1.70e-04|1.14e-04|2.47e-04|0.0000
A-39.9|6.00e-06|3.60e-05|3.28e-06|1.05e-05|0.0006
D-45.72|7.45e-04|7.45e-04|3.69e-04|1.46e-03|0.0000
F-11.48|2.56e-04|2.56e-04|1.38e-04|4.89e-04|0.0001
D-43.300|1.79e-03|1.79e-03|1.21e-03|2.67e-03|0.1384
F-21.21|9.71e-05|9.71e-05|6.32e-05|1.45e-04|0.0087
G-2.117|8.99e-06|9.88e-05|6.51e-06|1.24e-05|0.0005
F-28.63|2.43e-05|2.43e-05|7.45e-06|7.44e-05|0.0015
D-43.246|4.51e-04|4.51e-04|3.12e-04|6.37e-04|0.0000
A-38.27|6.02e-07|6.62e-06|6.98e-08|6.43e-06|0.0000
F-36.40|7.19e-05|7.19e-05|4.04e-05|1.34e-04|0.0001
F-38.7|3.35e-07|3.35e-07|1.47e-07|6.63e-07|0.0000
F-38.210|2.83e-06|2.83e-06|1.39e-06|4.97e-06|0.0003
D-44.76|1.14e-05|1.14e-05|5.34e-06|2.54e-05|0.0000
C-15.12|5.41e-05|2.85e-04|2.13e-05|1.58e-04|0.0317
A-38.19|5.88e-06|7.94e-05|1.54e-06|2.19e-05|0.0000
A-34.93|6.01e-04|7.18e-04|6.01e-05|7.62e-03|0.0032
D-21.37|2.20e-04|2.20e-04|9.05e-05|5.29e-04|0.0000
E-15.169|2.47e-06|8.65e-06|9.69e-08|4.24e-05|0.0000
C-10.4|2.70e-04|4.53e-04|1.37e-04|5.04e-04|0.0132
C-8.4|3.58e-04|5.20e-04|2.30e-04|5.64e-04|0.0216
D-42.41|8.49e-04|8.49e-04|3.59e-04|2.02e-03|0.0501
E-15.627|7.37e-07|2.58e-06|4.15e-08|1.24e-05|0.0000
F-38.40|3.41e-05|3.41e-05|2.17e-05|5.33e-05|0.0000
E-15.356|4.52e-06|1.58e-05|1.50e-07|1.05e-04|0.0000
G-2.7|1.78e-06|1.96e-05|1.32e-06|2.44e-06|0.0001
F-38.223|1.01e-04|1.01e-04|5.32e-05|1.85e-04|0.0082
E-15.672|6.26e-06|2.19e-05|4.96e-07|6.91e-05|0.0000
C-1.3|2.36e-04|4.28e-04|1.46e-04|3.88e-04|0.0167
D-45.29|1.97e-03|1.97e-03|1.25e-03|2.92e-03|0.0001
C-36.29|4.34e-04|5.79e-04|2.37e-04|7.69e-04|0.0440
D-44.32|2.51e-05|2.51e-05|1.45e-05|4.23e-05|0.0000
F-11.38|5.66e-03|5.66e-03|1.92e-03|1.55e-02|0.7567
D-22.59|2.94e-05|2.94e-05|7.01e-06|1.21e-04|0.0000
D-23.24|8.74e-04|8.74e-04|5.32e-04|1.44e-03|0.0000
F-38.182|4.96e-07|4.96e-07|2.35e-07|1.31e-06|0.0009
A-41.74|9.43e-07|2.92e-05|1.19e-08|4.31e-05|0.0024
F-33.35|4.85e-07|4.85e-07|4.97e-08|4.94e-06|0.0002
D-42.44|3.40e-04|3.40e-04|1.41e-04|7.35e-04|0.0001
E-20.187|5.03e-05|5.03e-05|5.10e-06|5.36e-04|0.1182
F-33.86|2.78e-06|2.78e-06|2.59e-07|2.11e-05|0.0968
A-35.19|1.82e-04|3.89e-04|1.32e-04|2.48e-04|0.0020
A-38.7|4.82e-07|6.51e-06|7.26e-08|4.17e-06|0.0000
D-22.53|1.37e-04|1.37e-04|7.44e-05|2.66e-04|0.0000
D-43.25|4.18e-03|4.18e-03|2.86e-03|6.33e-03|0.0084
D-9.50|2.26e-05|2.26e-05|3.03e-06|1.99e-04|0.0000
G-15.76|2.07e-06|2.07e-06|1.29e-06|3.41e-06|0.0000
F-35.23|2.50e-05|2.50e-05|1.56e-08|1.46e-01|0.0000
A-39.137|4.02e-04|5.54e-04|2.63e-04|6.31e-04|0.0258
A-34.140|1.08e-03|1.08e-03|1.70e-04|6.39e-03|0.0000
C-61.4|6.21e-05|2.94e-04|2.88e-05|1.25e-04|0.0000
F-47.11|6.55e-05|6.55e-05|2.84e-05|1.45e-04|0.0000
C-52.10|8.96e-07|9.86e-06|2.90e-07|2.66e-06|0.0000
A-35.71|2.12e-05|2.28e-04|1.35e-05|3.32e-05|0.0023
G-2.18|7.62e-06|8.38e-05|5.87e-06|1.02e-05|0.0005
A-3.87|7.53e-05|3.07e-04|5.20e-05|1.05e-04|0.0000
A-41.115|1.68e-06|1.85e-05|1.31e-07|1.88e-05|0.0000
A-34.73|3.35e-06|3.69e-05|1.58e-06|7.02e-06|0.0282
E-15.209|4.55e-08|1.59e-07|4.85e-09|3.01e-06|0.0000
A-35.230|1.71e-05|1.88e-04|6.60e-06|4.21e-05|0.0015
F-36.41|6.54e-06|6.54e-06|3.86e-06|1.10e-05|0.0127
A-35.20|6.32e-06|6.95e-05|3.60e-06|1.04e-05|0.0149
G-2.25|1.24e-05|1.37e-04|9.22e-06|1.71e-05|0.0100
A-41.104|1.20e-06|1.32e-05|8.49e-08|1.50e-05|0.0000
D-42.144|4.64e-04|4.64e-04|2.73e-08|7.38e+00|0.6408
E-15.497|3.75e-05|1.31e-04|8.66e-06|1.66e-04|0.0009
D-42.110|1.93e-04|1.93e-04|7.61e-05|4.49e-04|0.0000
E-15.66|2.14e-06|7.47e-06|1.34e-07|2.86e-05|0.0000
G-19.1|1.75e-06|1.75e-06|2.26e-07|7.87e-06|4.7289
C-29.16|8.14e-05|3.13e-04|1.98e-05|3.58e-04|0.0011
E-15.327|1.85e-06|6.48e-06|1.05e-07|2.45e-05|0.0000
C-38.4|1.62e-06|2.59e-05|5.43e-07|4.49e-06|0.0005
D-42.106|8.36e-06|8.36e-06|4.46e-06|1.61e-05|0.0000
A-33.12|4.35e-04|5.80e-04|1.82e-04|1.07e-03|0.0001
D-36.8|2.61e-04|2.61e-04|1.22e-04|6.24e-04|0.0000
D-9.21|5.68e-06|5.68e-06|1.05e-06|3.21e-05|0.0000
G-3.85|9.45e-07|1.04e-05|6.53e-07|1.43e-06|0.0000
E-15.683|1.37e-07|4.81e-07|4.15e-09|4.22e-06|0.0000
C-50.4|3.60e-06|2.16e-05|7.13e-07|2.03e-05|0.0001
E-24.11|6.90e-07|3.45e-06|7.21e-08|7.42e-06|0.1392
E-15.542|5.64e-07|1.97e-06|3.76e-08|9.59e-06|0.0000
E-31.51|1.13e-05|1.24e-04|2.37e-06|6.50e-05|0.0000
A-41.49|9.74e-07|3.02e-05|6.09e-09|7.99e-05|0.0781
G-15.186|2.09e-04|2.09e-04|1.41e-04|3.09e-04|0.0013
D-22.74|3.81e-04|3.81e-04|1.62e-04|8.27e-04|0.1486
D-43.156|2.88e-03|2.88e-03|2.25e-03|3.64e-03|0.0000
E-15.599|7.02e-07|2.46e-06|5.47e-08|9.55e-06|0.0000
A-34.38|7.87e-04|8.79e-04|1.08e-04|6.34e-03|0.0045
A-39.23|1.32e-05|7.92e-05|7.98e-06|2.14e-05|0.0016
A-2.7|1.84e-05|1.10e-04|9.32e-06|3.60e-05|0.0279
A-34.137|2.93e-03|2.93e-03|3.05e-04|2.84e-02|0.0000
A-2.30|1.43e-05|1.57e-04|6.56e-06|3.09e-05|0.0018
A-39.71|1.26e-06|7.54e-06|4.08e-07|3.52e-06|0.0025
D-43.105|8.61e-03|8.61e-03|6.66e-03|1.14e-02|0.0648
E-15.56|7.75e-06|2.71e-05|6.72e-07|8.36e-05|0.0000
D-20.28|5.29e-05|5.29e-05|2.59e-05|1.12e-04|0.0042
C-10.11|3.14e-06|1.89e-05|1.39e-06|7.12e-06|0.0014
D-45.33|2.60e-03|2.60e-03|1.82e-03|3.60e-03|0.0000
A-41.31|1.26e-05|1.97e-04|2.37e-07|4.95e-04|0.0919
D-22.18|5.48e-05|5.48e-05|1.91e-05|1.55e-04|0.0000
F-12.28|2.24e-03|2.24e-03|8.14e-04|5.44e-03|0.5808
E-7.1|4.06e-05|4.06e-05|2.05e-05|7.87e-05|0.0492
A-34.1|9.01e-07|9.91e-06|6.73e-08|1.43e-05|0.1418
E-15.144|3.48e-07|1.22e-06|8.79e-09|9.37e-06|0.0003
D-43.30|5.91e-04|5.91e-04|3.29e-04|1.04e-03|0.0000
A-3.58|7.99e-07|8.79e-06|5.98e-07|1.10e-06|0.0002
D-41.15|4.34e-04|4.34e-04|1.17e-04|1.48e-03|0.0000
D-34.32|3.47e-04|3.47e-04|2.00e-04|5.78e-04|0.0000
E-48.59|6.70e-04|6.70e-04|2.34e-04|1.83e-03|0.0000
F-3.17|9.40e-06|9.40e-06|4.20e-06|2.27e-05|0.0001
A-3.69|1.24e-05|1.36e-04|9.76e-06|1.56e-05|0.0001
A-39.63|5.58e-07|3.35e-06|1.39e-07|1.96e-06|0.0048
C-26.23|1.02e-04|3.30e-04|5.07e-05|1.92e-04|0.0000
D-43.46|6.78e-03|6.78e-03|4.94e-03|9.50e-03|0.1291
C-40.10|1.48e-05|6.42e-05|5.88e-06|3.63e-05|0.0000
A-42.85|2.90e-07|1.26e-06|3.57e-08|2.31e-06|0.0008
F-31.10|6.04e-06|6.04e-06|1.88e-06|1.81e-05|0.0000
B-9.7|1.87e-05|2.05e-04|1.25e-06|2.62e-04|0.0000
D-43.111|3.27e-03|3.27e-03|2.13e-03|4.55e-03|0.0000
D-20.62|4.85e-05|4.85e-05|2.36e-05|9.47e-05|0.0160
G-19.33|4.28e-07|4.28e-07|6.51e-08|3.83e-06|5.0406
F-38.222|1.86e-05|1.86e-05|8.75e-06|4.08e-05|0.0021
A-36.19|4.82e-07|5.30e-06|8.33e-08|2.68e-06|0.0045
D-45.66|6.48e-04|6.48e-04|3.52e-04|1.07e-03|0.0000
G-3.249|1.73e-07|1.90e-06|9.47e-08|3.19e-07|0.0017
E-20.15|5.80e-08|5.80e-08|1.53e-08|2.37e-07|0.0240
A-3.22|3.60e-07|3.96e-06|2.42e-07|5.29e-07|0.0002
A-42.64|7.18e-07|7.89e-06|9.91e-08|5.71e-06|0.0000
G-15.33|3.04e-05|3.04e-05|1.87e-05|4.94e-05|0.0000
D-35.8|4.77e-04|4.77e-04|4.44e-05|6.02e-03|0.0000
E-15.220|2.64e-06|9.25e-06|1.62e-07|3.27e-05|0.0000
D-30.53|3.38e-05|3.38e-05|1.36e-05|8.45e-05|0.0006
E-48.113|4.15e-04|4.15e-04|1.37e-04|1.21e-03|0.0000
D-22.230|5.21e-04|5.21e-04|2.19e-04|1.21e-03|0.2432
G-2.70|9.46e-06|1.04e-04|7.03e-06|1.31e-05|0.0000
D-20.66|2.83e-06|2.83e-06|1.20e-06|6.53e-06|0.0331
D-43.324|6.72e-03|6.72e-03|5.13e-03|8.77e-03|0.0486
C-5.6|1.68e-05|1.01e-04|8.28e-06|3.26e-05|0.0000
D-43.218|2.39e-03|2.39e-03|1.58e-03|3.70e-03|0.1240
D-35.7|7.70e-06|7.70e-06|5.74e-08|8.66e-04|0.0001
A-35.223|3.57e-06|3.92e-05|1.78e-06|7.02e-06|0.0008
A-39.143|3.33e-06|2.00e-05|1.51e-06|7.38e-06|0.0008
A-3.20|1.60e-05|1.76e-04|1.28e-05|2.07e-05|0.0015
C-8.1|9.25e-04|1.00e-03|5.23e-04|1.61e-03|0.0322
G-2.14|1.63e-06|1.79e-05|1.21e-06|2.23e-06|0.0000
D-24.14|3.83e-03|3.83e-03|2.07e-03|7.03e-03|0.0002
E-15.280|1.99e-06|6.95e-06|3.98e-08|8.77e-05|0.0000
A-35.129|5.00e-04|6.33e-04|2.94e-04|7.89e-04|0.0012
C-40.15|6.20e-05|2.69e-04|2.50e-05|1.45e-04|0.0000
A-35.240|9.81e-05|3.27e-04|3.75e-05|2.14e-04|0.0000
G-24.21|8.26e-05|8.26e-05|1.06e-05|4.83e-04|0.1785
D-32.3|1.01e-06|1.01e-06|1.78e-08|1.18e-04|0.0060
E-20.58|1.95e-08|1.95e-08|5.69e-10|1.83e-06|0.2392
E-15.582|5.62e-06|1.97e-05|5.89e-07|5.06e-05|0.0000
F-12.16|3.67e-05|3.67e-05|1.55e-05|8.73e-05|0.0058
C-60.24|5.62e-06|3.37e-05|1.11e-06|2.50e-05|0.0000
A-34.87|4.64e-05|2.76e-04|2.39e-05|8.71e-05|0.0000
D-20.37|1.01e-06|1.01e-06|3.87e-07|2.83e-06|0.0344
E-11.21|1.53e-04|1.53e-04|3.21e-06|4.25e-03|0.0727
F-21.62|2.41e-03|2.41e-03|1.84e-03|3.29e-03|0.1949
F-38.84|4.41e-04|4.41e-04|2.38e-04|8.69e-04|0.0008
F-31.1|1.76e-06|1.76e-06|4.51e-07|7.18e-06|0.0000
E-15.323|1.03e-06|3.60e-06|7.76e-08|9.63e-06|0.0000
C-48.5|1.14e-06|6.82e-06|3.11e-07|4.59e-06|0.0000
D-43.64|1.38e-02|1.38e-02|1.06e-02|1.78e-02|0.1738
C-27.6|3.41e-06|3.75e-05|1.27e-06|8.25e-06|0.0007
G-3.164|4.22e-06|4.64e-05|3.05e-06|5.89e-06|0.0000
F-3.8|1.39e-04|1.39e-04|8.28e-05|2.32e-04|0.0001
G-2.128|1.92e-06|2.11e-05|1.44e-06|2.62e-06|0.0000
A-34.111|3.35e-06|3.69e-05|1.58e-06|7.02e-06|0.0282
F-11.160|1.25e-03|1.25e-03|4.54e-04|3.10e-03|0.1766
A-42.22|1.62e-04|3.75e-04|8.85e-05|2.95e-04|0.0004
G-2.93|1.25e-06|1.38e-05|7.25e-07|2.08e-06|0.0035
E-48.96|1.71e-03|1.71e-03|8.43e-04|3.50e-03|0.0000
A-34.40|1.79e-04|3.87e-04|2.65e-05|1.42e-03|0.0324
E-15.661|3.44e-07|1.20e-06|2.11e-08|4.86e-06|0.0000
D-42.66|3.55e-05|3.55e-05|2.00e-05|5.98e-05|0.0528
F-38.48|5.72e-07|5.72e-07|2.81e-07|1.28e-06|0.0005
D-29.11|1.30e-03|1.30e-03|7.49e-04|2.24e-03|0.0000
E-20.196|4.41e-06|4.41e-06|2.00e-07|1.47e-04|0.0006
D-22.162|2.10e-04|2.10e-04|1.05e-04|4.47e-04|0.0000
D-31.52|1.93e-06|1.93e-06|5.86e-08|1.92e-05|3.0187
E-20.28|3.29e-05|3.29e-05|4.24e-06|2.05e-04|0.0000
D-43.15|1.28e-03|1.28e-03|6.64e-04|2.34e-03|0.0000
D-20.82|1.69e-05|1.69e-05|3.58e-06|7.33e-05|0.0000
D-44.73|8.01e-06|8.01e-06|3.55e-06|1.86e-05|0.0000
E-15.211|1.23e-07|4.31e-07|4.52e-09|3.25e-06|0.0000
F-35.37|2.17e-05|2.17e-05|7.70e-06|5.07e-05|0.0000
C-2.14|3.58e-07|2.15e-06|1.87e-07|6.24e-07|0.0000
F-32.22|2.64e-06|2.64e-06|6.28e-07|1.18e-05|0.0000
C-8.2|1.37e-04|3.57e-04|8.68e-05|2.02e-04|0.0000
F-38.173|1.47e-06|1.47e-06|8.14e-07|2.65e-06|0.0000
D-43.238|8.16e-03|8.16e-03|6.23e-03|1.07e-02|0.0561
G-2.28|7.74e-08|8.51e-07|3.23e-08|2.02e-07|0.0026
D-20.93|5.97e-05|5.97e-05|3.79e-05|9.67e-05|0.0000
F-32.3|7.02e-06|7.02e-06|3.14e-06|1.62e-05|0.0002
A-41.55|2.79e-06|8.65e-05|2.75e-08|2.31e-04|0.0683
F-28.18|6.93e-06|6.93e-06|3.00e-06|1.74e-05|0.0000
D-22.57|4.96e-06|4.96e-06|1.69e-06|1.30e-05|0.0000
E-20.35|5.57e-06|5.57e-06|2.21e-07|1.44e-04|1.4397
A-41.43|3.52e-07|1.09e-05|3.45e-09|2.97e-05|0.1035
E-15.225|6.37e-06|2.23e-05|4.76e-07|6.60e-05|0.0000
D-42.126|6.51e-05|6.51e-05|3.91e-05|1.00e-04|0.0000
D-36.32|2.74e-04|2.74e-04|1.37e-04|5.20e-04|0.0000
D-28.5|5.19e-04|5.19e-04|3.07e-04|8.83e-04|0.0001
D-45.14|9.79e-06|9.79e-06|4.53e-06|2.37e-05|0.0000
C-2.5|2.88e-04|4.67e-04|1.90e-04|4.16e-04|0.0077
A-14.15|3.74e-06|4.11e-05|1.00e-09|1.35e+00|0.0000
E-15.134|4.76e-07|1.67e-06|2.25e-08|8.91e-06|0.0018
A-31.8|4.53e-06|9.51e-05|4.92e-07|3.72e-05|0.0853
A-39.30|9.25e-06|5.55e-05|5.16e-06|1.62e-05|0.0016
C-52.6|3.19e-06|3.51e-05|1.33e-06|7.61e-06|0.0000
D-42.129|3.35e-04|3.35e-04|1.54e-04|6.70e-04|0.0000
E-37.3|6.59e-07|1.38e-05|4.90e-09|8.76e-05|0.0361
E-15.102|1.19e-07|4.18e-07|2.89e-09|7.91e-06|0.0022
B-9.26|2.03e-06|2.24e-05|1.73e-08|3.11e-04|0.0258
A-42.11|1.46e-06|1.60e-05|5.12e-07|4.22e-06|0.0004
A-35.85|1.47e-04|3.64e-04|9.87e-05|2.21e-04|0.0016
G-2.296|2.82e-07|3.11e-06|1.50e-07|5.22e-07|0.0000
D-31.23|2.76e-05|2.76e-05|1.56e-05|4.48e-05|0.0059
C-31.2|7.98e-06|8.78e-05|8.62e-07|1.00e-04|0.0000
A-35.192|6.19e-05|2.94e-04|4.41e-05|8.48e-05|0.0035
D-20.95|1.00e-05|1.00e-05|5.55e-06|1.78e-05|0.0000
D-5.20|3.11e-05|3.11e-05|2.09e-05|4.61e-05|0.0002
E-15.584|5.21e-08|1.82e-07|4.21e-09|1.01e-06|0.0001
C-1.10|1.47e-05|8.84e-05|9.80e-06|2.35e-05|0.0000
E-45.2|3.58e-07|2.15e-06|2.87e-08|3.24e-06|0.0000
D-28.6|1.88e-04|1.88e-04|1.11e-04|3.14e-04|0.0034
A-41.12|5.12e-08|1.59e-06|3.77e-09|2.37e-06|0.0197
G-22.55|5.16e-07|5.68e-06|5.00e-08|6.15e-06|0.0000
C-31.1|1.72e-05|1.89e-04|1.66e-06|2.36e-04|0.0000
E-41.23|1.57e-05|5.51e-05|4.85e-06|4.48e-05|0.0088
D-22.213|2.96e-04|2.96e-04|1.37e-04|6.21e-04|0.0000
C-5.10|9.48e-06|5.69e-05|3.78e-06|2.64e-05|0.0001
D-42.22|1.72e-03|1.72e-03|9.27e-04|2.99e-03|0.0023
G-3.76|4.31e-07|4.74e-06|2.40e-07|7.95e-07|0.0002
G-15.217|3.99e-05|3.99e-05|2.10e-05|7.11e-05|0.1117
E-7.2|3.48e-05|3.48e-05|1.68e-05|7.71e-05|0.0627
E-15.273|3.87e-07|1.36e-06|4.71e-09|1.99e-05|0.0000
D-5.11|6.81e-05|6.81e-05|4.53e-05|1.01e-04|0.0000
E-15.360|3.69e-07|1.29e-06|4.39e-09|2.66e-05|0.0000
D-21.44|3.13e-04|3.13e-04|1.60e-04|6.03e-04|0.0000
E-15.447|4.50e-06|1.57e-05|2.90e-07|5.92e-05|0.0000
D-43.225|7.52e-03|7.52e-03|6.38e-03|8.83e-03|0.0632
D-43.217|3.58e-04|3.58e-04|1.94e-04|6.49e-04|0.1952
E-15.12|1.70e-06|5.94e-06|5.27e-08|4.85e-05|0.0001
G-3.94|1.44e-06|1.59e-05|9.96e-07|2.23e-06|0.0000
A-41.71|1.34e-06|4.15e-05|1.91e-08|7.05e-05|0.0024
E-11.11|4.83e-04|4.83e-04|1.59e-04|1.33e-03|0.0000
G-2.92|2.95e-07|3.24e-06|1.39e-07|6.22e-07|0.0008
G-3.216|1.62e-05|1.78e-04|9.91e-06|2.53e-05|0.0004
G-4.8|9.52e-06|1.05e-04|6.36e-06|1.36e-05|0.0097
E-15.652|3.04e-06|1.07e-05|2.11e-07|3.94e-05|0.0009
G-22.38|2.07e-07|2.27e-06|1.78e-08|2.78e-06|0.0002
G-24.20|1.21e-04|1.21e-04|1.64e-05|7.03e-04|0.1786
E-21.8|5.32e-03|5.32e-03|9.50e-05|2.11e-01|0.0000
E-47.17|4.47e-04|4.47e-04|9.67e-05|2.32e-03|0.0003
G-3.59|4.79e-07|5.27e-06|2.83e-07|7.99e-07|0.0000
A-34.110|5.61e-05|2.88e-04|5.45e-06|7.89e-04|0.0313
D-32.39|1.08e-04|1.08e-04|4.29e-05|2.50e-04|0.0000
E-48.88|2.28e-03|2.28e-03|8.95e-04|6.47e-03|0.0000
E-15.165|7.47e-06|2.62e-05|2.24e-07|1.80e-04|0.0000
C-28.12|3.88e-07|4.27e-06|9.80e-08|1.61e-06|0.0000
G-15.179|5.03e-05|5.03e-05|2.22e-05|1.00e-04|0.1282
G-2.71|2.47e-05|2.37e-04|1.72e-05|3.43e-05|0.0000
G-2.173|4.95e-07|5.45e-06|3.00e-07|8.13e-07|0.0010
E-41.24|5.78e-06|2.02e-05|1.88e-06|1.51e-05|0.0037
A-34.174|1.67e-03|1.67e-03|2.46e-04|1.09e-02|0.0034
F-38.213|7.00e-05|7.00e-05|4.21e-05|1.11e-04|0.0000
A-41.48|1.28e-06|3.97e-05|8.82e-09|1.13e-04|0.0729
A-34.160|1.19e-05|1.31e-04|6.21e-06|2.28e-05|0.0000
F-30.15|8.15e-06|8.15e-06|3.70e-06|1.72e-05|0.0002
D-43.305|3.10e-03|3.10e-03|2.43e-03|3.86e-03|0.0368
E-20.45|1.19e-05|1.19e-05|2.39e-06|6.24e-05|0.0000
F-35.19|1.21e-05|1.21e-05|1.42e-08|1.67e-01|0.1374
F-21.56|3.01e-06|3.01e-06|9.73e-07|8.23e-06|0.0002
A-35.123|3.87e-05|2.65e-04|2.49e-05|5.68e-05|0.0016
D-43.323|2.77e-04|2.77e-04|1.91e-04|4.10e-04|0.0000
A-34.133|3.67e-04|5.27e-04|3.44e-05|3.62e-03|0.0000
F-38.90|7.77e-04|7.77e-04|5.38e-04|1.22e-03|0.0002
D-22.64|1.08e-03|1.08e-03|4.44e-04|2.70e-03|0.0000
A-34.118|1.82e-03|1.82e-03|6.60e-04|4.98e-03|0.0000
D-43.82|7.72e-04|7.72e-04|4.74e-04|1.17e-03|0.0000
A-39.21|3.03e-06|1.82e-05|1.58e-06|6.07e-06|0.0058
D-26.81|1.94e-03|1.94e-03|9.95e-04|3.63e-03|0.0057
E-20.70|1.70e-04|1.70e-04|2.73e-05|9.22e-04|0.0394
G-4.15|4.66e-05|2.76e-04|3.37e-05|6.70e-05|0.0316
A-39.36|3.11e-05|1.87e-04|1.87e-05|5.14e-05|0.0082
A-39.44|4.55e-04|5.96e-04|2.60e-04|7.42e-04|0.0907
D-43.249|1.02e-02|1.02e-02|7.75e-03|1.34e-02|0.2002
E-15.86|8.49e-06|2.97e-05|6.16e-07|9.86e-05|0.0000
F-11.59|5.53e-03|5.53e-03|2.89e-03|1.02e-02|0.7191
A-34.90|1.86e-04|3.92e-04|9.16e-05|3.63e-04|0.0000
D-45.52|4.49e-03|4.49e-03|2.62e-03|7.16e-03|0.0000
A-3.51|1.42e-05|1.56e-04|1.08e-05|1.87e-05|0.0002
D-43.204|2.31e-03|2.31e-03|1.74e-03|3.08e-03|0.0000
D-22.196|2.86e-03|2.86e-03|1.17e-03|7.36e-03|0.0032
G-11.3|7.46e-07|7.46e-07|2.02e-09|1.39e-02|0.0005
E-15.361|5.48e-07|1.92e-06|8.03e-09|3.29e-05|0.0000
E-15.226|1.73e-05|6.07e-05|1.56e-06|1.57e-04|0.0000
E-15.644|3.83e-07|1.34e-06|2.55e-08|4.31e-06|0.0000
D-28.8|3.01e-04|3.01e-04|1.29e-04|6.05e-04|0.0203
D-35.16|3.16e-06|3.16e-06|7.14e-08|1.45e-04|0.0000
E-7.75|7.43e-05|7.43e-05|2.70e-05|2.16e-04|0.1437
C-28.10|8.13e-07|8.95e-06|2.37e-07|2.56e-06|0.0000
F-5.37|4.06e-05|4.06e-05|1.84e-05|7.99e-05|0.0000
A-35.15|8.84e-05|3.19e-04|5.59e-05|1.30e-04|0.0014
F-33.12|5.18e-07|5.18e-07|2.38e-08|1.33e-05|0.0001
D-21.6|9.83e-05|9.83e-05|3.29e-05|2.75e-04|0.0074
E-30.4|5.90e-05|2.91e-04|1.76e-05|1.79e-04|0.1820
D-32.36|1.41e-04|1.41e-04|3.26e-05|6.39e-04|0.0000
E-15.677|9.27e-07|3.25e-06|2.72e-08|3.28e-05|0.0000
D-22.180|2.77e-04|2.77e-04|1.26e-04|7.04e-04|0.0000
F-15.6|4.23e-04|5.71e-04|3.92e-05|5.20e-03|0.1849
E-3.7|4.66e-06|1.41e-04|6.00e-09|1.59e-02|1.2053
G-2.140|4.07e-06|4.48e-05|2.52e-06|6.78e-06|0.0000
D-23.27|3.68e-03|3.68e-03|1.70e-03|7.86e-03|0.0014
D-41.92|8.15e-05|8.15e-05|2.55e-05|2.12e-04|0.0000
A-39.202|2.61e-06|1.56e-05|1.14e-06|5.82e-06|0.0002
F-28.57|4.11e-05|4.11e-05|1.22e-05|1.42e-04|0.0102
E-7.8|2.63e-06|2.63e-06|1.13e-06|6.43e-06|0.0502
E-21.79|2.96e-03|2.96e-03|1.50e-05|3.64e-01|0.0179
E-48.40|4.71e-03|4.71e-03|2.48e-03|9.52e-03|0.0000
E-20.50|4.78e-06|4.78e-06|6.98e-07|2.99e-05|0.0000
G-15.41|1.62e-05|1.62e-05|9.84e-06|2.69e-05|0.0000
F-11.55|3.42e-05|3.42e-05|6.02e-06|1.41e-04|20.5285
A-41.140|7.38e-06|1.66e-04|1.36e-07|2.71e-04|0.0938
C-24.11|6.32e-07|2.74e-06|1.41e-07|2.41e-06|0.0006
F-25.22|1.08e-05|1.08e-05|4.57e-06|2.22e-05|0.0000
G-24.12|7.28e-06|7.28e-06|9.55e-07|4.70e-05|0.1279
E-15.173|1.34e-06|4.69e-06|9.00e-08|1.86e-05|0.0001
B-10.14|1.07e-05|1.17e-04|5.97e-06|1.87e-05|0.0000
G-3.41|4.71e-06|5.18e-05|2.28e-06|8.42e-06|0.0001
A-34.26|6.49e-04|7.59e-04|9.09e-05|4.39e-03|0.0028
A-34.14|1.70e-05|1.87e-04|1.82e-06|2.11e-04|0.0104
A-39.33|3.28e-05|1.97e-04|2.01e-05|5.24e-05|0.0023
D-22.81|7.04e-04|7.04e-04|2.97e-04|1.53e-03|0.0000
A-39.163|5.02e-06|3.01e-05|2.83e-06|8.90e-06|0.0001
G-2.119|4.04e-07|4.44e-06|2.66e-07|6.20e-07|0.0000
A-3.54|4.25e-07|4.67e-06|2.78e-07|6.49e-07|0.0007
C-9.1|6.00e-04|7.17e-04|3.63e-04|9.70e-04|0.0196
E-15.87|2.51e-05|8.80e-05|2.40e-06|2.20e-04|0.0002
C-37.13|4.71e-06|7.54e-05|1.92e-06|1.15e-05|0.0000
E-15.40|5.95e-06|2.08e-05|2.26e-07|1.07e-04|0.0002
C-36.2|6.77e-05|3.00e-04|4.38e-05|1.01e-04|0.0076
A-35.146|5.00e-04|6.33e-04|2.94e-04|7.89e-04|0.0012
E-30.13|9.55e-05|3.25e-04|3.54e-05|2.63e-04|0.2519
E-20.37|2.07e-05|2.07e-05|4.67e-06|1.02e-04|0.0001
A-35.56|4.51e-06|4.96e-05|2.70e-06|7.49e-06|0.0075
A-38.29|7.17e-06|7.89e-05|1.96e-06|2.24e-05|0.0000
E-15.553|9.16e-07|3.21e-06|4.92e-08|1.58e-05|0.0002
F-11.132|5.22e-05|5.22e-05|2.60e-05|1.15e-04|0.0000
F-25.12|4.47e-06|4.47e-06|1.48e-06|1.33e-05|0.0000
A-3.6|1.10e-06|1.22e-05|7.93e-07|1.48e-06|0.0001
D-22.219|4.07e-04|4.07e-04|1.74e-04|9.87e-04|0.0000
C-3.1|4.29e-04|5.76e-04|2.05e-04|8.55e-04|0.0437
G-2.30|5.08e-06|5.59e-05|3.73e-06|7.03e-06|0.0058
E-30.12|5.06e-05|2.81e-04|1.13e-05|2.32e-04|0.3369
D-19.3|4.21e-04|4.21e-04|2.75e-04|6.19e-04|0.0000
C-53.1|1.49e-06|1.64e-05|5.51e-07|3.75e-06|0.0000
D-25.14|5.36e-03|5.36e-03|3.27e-03|9.50e-03|0.0000
A-35.106|8.29e-06|9.12e-05|4.58e-06|1.39e-05|0.0140
D-23.5|1.48e-04|1.48e-04|7.96e-05|2.92e-04|0.0000
G-3.4|2.41e-05|2.36e-04|1.42e-05|3.88e-05|0.0009
D-42.91|7.29e-07|7.29e-07|1.45e-09|6.08e-04|0.0001
E-15.301|9.86e-08|3.45e-07|6.35e-09|1.22e-06|0.0000
G-2.249|3.52e-05|2.59e-04|2.29e-05|5.20e-05|0.0033
C-30.3|5.94e-06|6.53e-05|1.03e-06|3.58e-05|0.0000
D-34.37|5.97e-03|5.97e-03|4.58e-03|7.78e-03|0.0067
G-2.247|2.11e-06|2.32e-05|1.51e-06|3.03e-06|0.0000
F-38.214|1.57e-07|1.57e-07|4.98e-08|7.11e-07|0.2884
G-15.4|2.48e-05|2.48e-05|1.76e-05|3.62e-05|0.0000
D-43.34|1.16e-02|1.16e-02|7.66e-03|1.71e-02|0.1405
F-28.31|2.49e-05|2.49e-05|1.11e-05|5.92e-05|0.0000
D-9.58|2.03e-05|2.03e-05|8.88e-06|4.41e-05|0.0000
A-34.105|2.93e-06|3.22e-05|2.68e-07|5.96e-05|0.0484
E-11.25|1.28e-04|1.28e-04|4.60e-06|2.27e-03|0.1809
A-38.67|4.18e-06|4.60e-05|1.84e-06|8.38e-06|0.0000
A-41.100|9.90e-08|3.07e-06|6.00e-09|3.24e-06|0.0006
G-2.254|4.01e-06|4.41e-05|3.06e-06|5.40e-06|0.0000
D-44.71|1.74e-05|1.74e-05|1.10e-05|2.76e-05|0.0000
E-15.387|1.88e-07|6.58e-07|9.25e-09|3.25e-06|0.0000
B-10.6|1.63e-04|3.75e-04|7.59e-05|3.44e-04|0.0013
E-20.49|3.81e-07|3.81e-07|3.18e-08|3.77e-06|0.0031
D-41.110|1.23e-05|1.23e-05|5.70e-07|2.75e-04|0.0000
G-22.57|6.35e-07|6.98e-06|5.46e-08|7.45e-06|0.0000
D-9.23|4.95e-06|4.95e-06|9.80e-07|2.56e-05|0.0000
D-32.79|2.34e-06|2.34e-06|1.41e-06|4.08e-06|0.0017
G-24.19|9.93e-06|9.93e-06|1.77e-06|4.14e-05|0.2557
C-9.15|1.80e-07|1.08e-06|9.42e-08|3.31e-07|0.0000
C-36.15|1.23e-05|7.40e-05|5.34e-06|2.83e-05|0.0000
A-39.84|2.65e-07|1.59e-06|5.97e-08|9.99e-07|0.0195
E-15.645|9.16e-07|3.21e-06|6.96e-08|9.45e-06|0.0000
D-43.211|6.27e-03|6.27e-03|4.61e-03|8.28e-03|0.1709
F-25.4|9.44e-06|9.44e-06|4.02e-06|1.97e-05|0.0000
E-7.47|1.52e-04|1.52e-04|8.91e-05|2.63e-04|0.0057
D-43.341|2.54e-03|2.54e-03|1.90e-03|3.52e-03|0.0419
A-38.74|5.28e-05|2.84e-04|1.92e-05|1.32e-04|0.0000
D-45.53|1.44e-03|1.44e-03|7.39e-04|2.61e-03|0.0000
A-33.11|6.15e-05|2.94e-04|2.76e-05|1.44e-04|0.0000
G-4.21|1.44e-06|1.58e-05|1.06e-06|1.97e-06|0.0003
A-3.93|5.35e-06|5.88e-05|3.67e-06|7.65e-06|0.0001
E-31.37|1.14e-06|1.26e-05|1.67e-07|7.02e-06|0.0010
E-20.2|1.42e-04|1.42e-04|2.39e-05|7.02e-04|0.0272
F-38.35|3.19e-07|3.19e-07|1.73e-07|5.64e-07|0.0000
A-39.170|3.91e-07|2.35e-06|1.22e-07|1.15e-06|0.0023
E-15.636|1.58e-05|5.52e-05|1.25e-06|1.70e-04|0.0022
E-15.92|8.56e-06|3.00e-05|6.37e-07|9.94e-05|0.0000
E-15.250|1.86e-05|6.52e-05|1.65e-06|1.91e-04|0.0001
A-42.31|5.27e-05|2.84e-04|1.25e-05|2.90e-04|0.0000
A-41.78|6.21e-06|1.57e-04|8.73e-08|3.49e-04|0.0095
E-48.65|2.34e-04|2.34e-04|2.35e-05|2.64e-03|0.0013
D-42.33|2.83e-04|2.83e-04|1.28e-04|6.12e-04|0.0000
A-35.50|1.07e-03|1.07e-03|6.42e-04|1.73e-03|0.0013
D-32.45|9.13e-04|9.13e-04|2.28e-04|3.23e-03|0.1311
F-25.10|1.79e-05|1.79e-05|4.64e-06|5.72e-05|0.0000
E-41.9|1.24e-07|4.35e-07|9.66e-09|2.18e-06|0.7987
D-43.289|2.11e-03|2.11e-03|1.25e-03|3.57e-03|0.1478
D-42.122|1.72e-05|1.72e-05|1.18e-05|2.50e-05|0.0188
F-13.165|5.15e-05|5.15e-05|2.80e-05|1.04e-04|0.0000
E-15.671|3.20e-06|1.12e-05|2.09e-07|3.83e-05|0.0000
D-43.315|1.69e-05|1.69e-05|9.15e-06|3.26e-05|0.1770
E-19.10|9.83e-05|9.83e-05|5.16e-06|2.55e-03|0.0257
F-21.63|2.47e-04|2.47e-04|1.69e-04|3.70e-04|0.0015
D-31.36|3.10e-05|3.10e-05|8.82e-06|9.20e-05|0.3947
E-21.59|1.86e-03|1.86e-03|3.36e-05|5.24e-02|0.0000
D-38.14|3.16e-04|3.16e-04|1.60e-04|5.12e-04|0.0000
C-29.5|1.41e-06|1.55e-05|2.92e-07|6.62e-06|0.0005
B-9.12|2.58e-05|2.40e-04|1.76e-06|3.35e-04|0.0000
E-48.1|2.51e-03|2.51e-03|1.13e-03|6.17e-03|0.0000
A-35.131|5.10e-06|5.61e-05|3.01e-06|8.27e-06|0.0138
E-15.552|8.09e-07|2.83e-06|4.29e-08|1.41e-05|0.0003
A-2.9|3.07e-06|1.84e-05|1.22e-06|7.71e-06|0.0302
D-44.26|3.70e-04|3.70e-04|1.56e-04|8.12e-04|0.0000
A-39.48|2.63e-04|4.48e-04|1.79e-04|3.86e-04|0.0343
C-15.11|6.70e-06|4.02e-05|2.25e-06|2.05e-05|0.1542
E-47.61|1.82e-05|1.82e-05|4.94e-08|1.17e-02|0.0002
A-35.64|1.91e-04|3.96e-04|1.24e-04|2.94e-04|0.0026
A-35.139|6.99e-06|7.69e-05|4.09e-06|1.18e-05|0.0031
D-26.17|3.75e-04|3.75e-04|2.63e-04|5.55e-04|0.0002
D-20.103|7.59e-05|7.59e-05|2.16e-05|2.65e-04|0.0000
D-22.202|1.87e-03|1.87e-03|6.99e-04|4.78e-03|0.0001
G-2.144|1.06e-07|1.16e-06|6.61e-08|1.73e-07|0.0009
D-22.30|1.52e-04|1.52e-04|6.25e-05|3.85e-04|0.0407
E-15.556|6.33e-06|2.22e-05|4.57e-07|8.12e-05|0.0000
D-32.67|2.78e-05|2.78e-05|1.79e-05|4.22e-05|0.0001
D-42.81|2.08e-05|2.08e-05|8.63e-06|5.28e-05|0.0000
E-20.87|7.88e-04|7.88e-04|6.30e-07|1.59e+00|22.3208
D-36.18|4.96e-04|4.96e-04|2.40e-04|1.16e-03|0.0000
A-39.134|3.95e-06|2.37e-05|1.85e-06|9.29e-06|0.0072
D-1.14|2.08e-05|2.08e-05|8.30e-06|4.66e-05|0.0000
F-31.28|8.91e-06|8.91e-06|4.51e-06|1.63e-05|0.0011
E-48.55|4.58e-03|4.58e-03|1.68e-03|1.41e-02|0.0000
E-21.31|3.95e-04|3.95e-04|1.41e-06|5.64e-02|0.0125
F-38.127|8.52e-05|8.52e-05|5.74e-05|1.24e-04|0.0008
A-3.18|3.22e-06|3.54e-05|2.52e-06|4.20e-06|0.0000
E-20.139|1.31e-05|1.31e-05|2.70e-06|5.65e-05|0.0005
G-15.92|4.10e-06|4.10e-06|1.92e-06|9.36e-06|0.0050
D-9.49|1.91e-05|1.91e-05|2.38e-06|1.80e-04|0.0000
A-35.95|6.99e-06|7.69e-05|4.09e-06|1.18e-05|0.0031
C-8.10|7.65e-06|4.59e-05|4.34e-06|1.38e-05|0.0030
G-19.39|3.70e-05|3.70e-05|1.81e-05|7.58e-05|0.0904
D-32.21|7.00e-06|7.00e-06|2.08e-06|2.41e-05|0.0000
G-15.147|4.79e-04|4.79e-04|3.09e-04|7.04e-04|0.0000
F-25.21|7.88e-05|7.88e-05|4.39e-05|1.32e-04|0.0000
B-9.35|7.41e-07|1.93e-05|2.78e-09|2.87e-04|0.0681
A-42.73|2.04e-06|2.25e-05|2.81e-07|1.77e-05|0.0000
D-30.6|1.85e-05|1.85e-05|1.12e-05|3.02e-05|0.0000
A-3.95|3.08e-07|3.39e-06|1.94e-07|4.92e-07|0.0018
A-3.72|3.73e-07|4.11e-06|2.58e-07|5.54e-07|0.0007
E-21.55|3.32e-03|3.32e-03|6.64e-05|9.73e-02|0.0000
D-43.4|1.55e-02|1.55e-02|1.03e-02|2.28e-02|0.3269
F-21.41|1.69e-03|1.69e-03|1.05e-03|2.57e-03|0.0000
A-39.127|7.63e-06|4.58e-05|3.64e-06|1.53e-05|0.0004
D-9.68|1.83e-05|1.83e-05|2.35e-06|1.67e-04|0.0000
D-9.94|5.03e-06|5.03e-06|6.54e-07|6.33e-05|0.0000
D-20.39|1.57e-05|1.57e-05|1.02e-05|2.37e-05|0.0000
A-3.82|7.61e-06|8.38e-05|4.75e-06|1.20e-05|0.0001
G-26.52|1.12e-07|6.73e-07|3.99e-09|5.41e-06|0.0000
E-15.162|4.22e-07|1.48e-06|6.98e-09|2.02e-05|0.0000
D-31.28|5.26e-05|5.26e-05|2.63e-05|1.01e-04|0.0926
D-42.55|1.13e-04|1.13e-04|5.12e-05|2.32e-04|0.0000
E-45.10|2.56e-05|1.53e-04|7.77e-06|8.73e-05|0.0012
D-9.43|3.20e-05|3.20e-05|1.31e-05|7.59e-05|0.0000
E-15.365|2.66e-07|9.32e-07|7.70e-09|6.42e-06|0.0001
F-38.203|4.49e-07|4.49e-07|1.90e-07|1.10e-06|0.0002
G-19.40|3.20e-04|3.20e-04|1.48e-04|7.00e-04|0.1231
C-60.27|3.69e-07|2.21e-06|3.50e-08|3.17e-06|0.0001
G-16.4|1.24e-05|7.47e-05|4.48e-06|3.25e-05|0.0114
